[
  {
    "name": "Application Start",
    "start": 1588654960562,
    "end": 1588654961601,
    "duration": 1039,
    "pid": 9148,
    "index": 0
  },
  {
    "name": "Load Plugin",
    "start": 1588654960571,
    "end": 1588654960637,
    "duration": 66,
    "pid": 9148,
    "index": 1
  },
  {
    "name": "Load Config",
    "start": 1588654960638,
    "end": 1588654960695,
    "duration": 57,
    "pid": 9148,
    "index": 2
  },
  {
    "name": "Require(0) config/config.default.js",
    "start": 1588654960639,
    "end": 1588654960639,
    "duration": 0,
    "pid": 9148,
    "index": 3
  },
  {
    "name": "Require(1) node_modules/egg-session/config/config.default.js",
    "start": 1588654960642,
    "end": 1588654960644,
    "duration": 2,
    "pid": 9148,
    "index": 4
  },
  {
    "name": "Require(2) node_modules/egg-security/config/config.default.js",
    "start": 1588654960645,
    "end": 1588654960647,
    "duration": 2,
    "pid": 9148,
    "index": 5
  },
  {
    "name": "Require(3) node_modules/egg-jsonp/config/config.default.js",
    "start": 1588654960649,
    "end": 1588654960650,
    "duration": 1,
    "pid": 9148,
    "index": 6
  },
  {
    "name": "Require(4) node_modules/egg-onerror/config/config.default.js",
    "start": 1588654960651,
    "end": 1588654960653,
    "duration": 2,
    "pid": 9148,
    "index": 7
  },
  {
    "name": "Require(5) node_modules/egg-i18n/config/config.default.js",
    "start": 1588654960654,
    "end": 1588654960655,
    "duration": 1,
    "pid": 9148,
    "index": 8
  },
  {
    "name": "Require(6) node_modules/egg-watcher/config/config.default.js",
    "start": 1588654960656,
    "end": 1588654960657,
    "duration": 1,
    "pid": 9148,
    "index": 9
  },
  {
    "name": "Require(7) node_modules/egg-schedule/config/config.default.js",
    "start": 1588654960658,
    "end": 1588654960659,
    "duration": 1,
    "pid": 9148,
    "index": 10
  },
  {
    "name": "Require(8) node_modules/egg-multipart/config/config.default.js",
    "start": 1588654960661,
    "end": 1588654960662,
    "duration": 1,
    "pid": 9148,
    "index": 11
  },
  {
    "name": "Require(9) node_modules/egg-development/config/config.default.js",
    "start": 1588654960663,
    "end": 1588654960665,
    "duration": 2,
    "pid": 9148,
    "index": 12
  },
  {
    "name": "Require(10) node_modules/egg-logrotator/config/config.default.js",
    "start": 1588654960666,
    "end": 1588654960667,
    "duration": 1,
    "pid": 9148,
    "index": 13
  },
  {
    "name": "Require(11) node_modules/egg-static/config/config.default.js",
    "start": 1588654960668,
    "end": 1588654960669,
    "duration": 1,
    "pid": 9148,
    "index": 14
  },
  {
    "name": "Require(12) node_modules/egg-view/config/config.default.js",
    "start": 1588654960670,
    "end": 1588654960671,
    "duration": 1,
    "pid": 9148,
    "index": 15
  },
  {
    "name": "Require(13) node_modules/egg-mysql/config/config.default.js",
    "start": 1588654960672,
    "end": 1588654960676,
    "duration": 4,
    "pid": 9148,
    "index": 16
  },
  {
    "name": "Require(14) node_modules/egg-cors/config/config.default.js",
    "start": 1588654960677,
    "end": 1588654960678,
    "duration": 1,
    "pid": 9148,
    "index": 17
  },
  {
    "name": "Require(15) node_modules/egg/config/config.default.js",
    "start": 1588654960679,
    "end": 1588654960680,
    "duration": 1,
    "pid": 9148,
    "index": 18
  },
  {
    "name": "Require(16) config/config.default.js",
    "start": 1588654960681,
    "end": 1588654960681,
    "duration": 0,
    "pid": 9148,
    "index": 19
  },
  {
    "name": "Require(17) node_modules/egg-security/config/config.local.js",
    "start": 1588654960683,
    "end": 1588654960683,
    "duration": 0,
    "pid": 9148,
    "index": 20
  },
  {
    "name": "Require(18) node_modules/egg-watcher/config/config.local.js",
    "start": 1588654960687,
    "end": 1588654960687,
    "duration": 0,
    "pid": 9148,
    "index": 21
  },
  {
    "name": "Require(19) node_modules/egg-view/config/config.local.js",
    "start": 1588654960691,
    "end": 1588654960692,
    "duration": 1,
    "pid": 9148,
    "index": 22
  },
  {
    "name": "Require(20) node_modules/egg/config/config.local.js",
    "start": 1588654960694,
    "end": 1588654960694,
    "duration": 0,
    "pid": 9148,
    "index": 23
  },
  {
    "name": "Load extend/application.js",
    "start": 1588654960696,
    "end": 1588654960733,
    "duration": 37,
    "pid": 9148,
    "index": 24
  },
  {
    "name": "Require(21) node_modules/egg-session/app/extend/application.js",
    "start": 1588654960698,
    "end": 1588654960699,
    "duration": 1,
    "pid": 9148,
    "index": 25
  },
  {
    "name": "Require(22) node_modules/egg-security/app/extend/application.js",
    "start": 1588654960700,
    "end": 1588654960703,
    "duration": 3,
    "pid": 9148,
    "index": 26
  },
  {
    "name": "Require(23) node_modules/egg-jsonp/app/extend/application.js",
    "start": 1588654960705,
    "end": 1588654960708,
    "duration": 3,
    "pid": 9148,
    "index": 27
  },
  {
    "name": "Require(24) node_modules/egg-logrotator/app/extend/application.js",
    "start": 1588654960713,
    "end": 1588654960716,
    "duration": 3,
    "pid": 9148,
    "index": 28
  },
  {
    "name": "Require(25) node_modules/egg-view/app/extend/application.js",
    "start": 1588654960718,
    "end": 1588654960722,
    "duration": 4,
    "pid": 9148,
    "index": 29
  },
  {
    "name": "Load extend/request.js",
    "start": 1588654960733,
    "end": 1588654960758,
    "duration": 25,
    "pid": 9148,
    "index": 30
  },
  {
    "name": "Require(26) node_modules/egg/app/extend/request.js",
    "start": 1588654960743,
    "end": 1588654960745,
    "duration": 2,
    "pid": 9148,
    "index": 31
  },
  {
    "name": "Load extend/response.js",
    "start": 1588654960758,
    "end": 1588654960791,
    "duration": 33,
    "pid": 9148,
    "index": 32
  },
  {
    "name": "Require(27) node_modules/egg/app/extend/response.js",
    "start": 1588654960775,
    "end": 1588654960779,
    "duration": 4,
    "pid": 9148,
    "index": 33
  },
  {
    "name": "Load extend/context.js",
    "start": 1588654960791,
    "end": 1588654960920,
    "duration": 129,
    "pid": 9148,
    "index": 34
  },
  {
    "name": "Require(28) node_modules/egg-security/app/extend/context.js",
    "start": 1588654960793,
    "end": 1588654960818,
    "duration": 25,
    "pid": 9148,
    "index": 35
  },
  {
    "name": "Require(29) node_modules/egg-jsonp/app/extend/context.js",
    "start": 1588654960819,
    "end": 1588654960822,
    "duration": 3,
    "pid": 9148,
    "index": 36
  },
  {
    "name": "Require(30) node_modules/egg-i18n/app/extend/context.js",
    "start": 1588654960823,
    "end": 1588654960824,
    "duration": 1,
    "pid": 9148,
    "index": 37
  },
  {
    "name": "Require(31) node_modules/egg-multipart/app/extend/context.js",
    "start": 1588654960827,
    "end": 1588654960896,
    "duration": 69,
    "pid": 9148,
    "index": 38
  },
  {
    "name": "Require(32) node_modules/egg-view/app/extend/context.js",
    "start": 1588654960898,
    "end": 1588654960901,
    "duration": 3,
    "pid": 9148,
    "index": 39
  },
  {
    "name": "Require(33) node_modules/egg/app/extend/context.js",
    "start": 1588654960904,
    "end": 1588654960905,
    "duration": 1,
    "pid": 9148,
    "index": 40
  },
  {
    "name": "Load extend/helper.js",
    "start": 1588654960920,
    "end": 1588654961003,
    "duration": 83,
    "pid": 9148,
    "index": 41
  },
  {
    "name": "Require(34) node_modules/egg-security/app/extend/helper.js",
    "start": 1588654960922,
    "end": 1588654960982,
    "duration": 60,
    "pid": 9148,
    "index": 42
  },
  {
    "name": "Require(35) node_modules/egg/app/extend/helper.js",
    "start": 1588654960991,
    "end": 1588654960992,
    "duration": 1,
    "pid": 9148,
    "index": 43
  },
  {
    "name": "Load app.js",
    "start": 1588654961003,
    "end": 1588654961165,
    "duration": 162,
    "pid": 9148,
    "index": 44
  },
  {
    "name": "Require(36) node_modules/egg-session/app.js",
    "start": 1588654961004,
    "end": 1588654961004,
    "duration": 0,
    "pid": 9148,
    "index": 45
  },
  {
    "name": "Require(37) node_modules/egg-security/app.js",
    "start": 1588654961005,
    "end": 1588654961008,
    "duration": 3,
    "pid": 9148,
    "index": 46
  },
  {
    "name": "Require(38) node_modules/egg-onerror/app.js",
    "start": 1588654961010,
    "end": 1588654961037,
    "duration": 27,
    "pid": 9148,
    "index": 47
  },
  {
    "name": "Require(39) node_modules/egg-i18n/app.js",
    "start": 1588654961039,
    "end": 1588654961076,
    "duration": 37,
    "pid": 9148,
    "index": 48
  },
  {
    "name": "Require(40) node_modules/egg-watcher/app.js",
    "start": 1588654961078,
    "end": 1588654961087,
    "duration": 9,
    "pid": 9148,
    "index": 49
  },
  {
    "name": "Require(41) node_modules/egg-schedule/app.js",
    "start": 1588654961088,
    "end": 1588654961098,
    "duration": 10,
    "pid": 9148,
    "index": 50
  },
  {
    "name": "Require(42) node_modules/egg-multipart/app.js",
    "start": 1588654961099,
    "end": 1588654961106,
    "duration": 7,
    "pid": 9148,
    "index": 51
  },
  {
    "name": "Require(43) node_modules/egg-development/app.js",
    "start": 1588654961106,
    "end": 1588654961107,
    "duration": 1,
    "pid": 9148,
    "index": 52
  },
  {
    "name": "Require(44) node_modules/egg-logrotator/app.js",
    "start": 1588654961108,
    "end": 1588654961108,
    "duration": 0,
    "pid": 9148,
    "index": 53
  },
  {
    "name": "Require(45) node_modules/egg-static/app.js",
    "start": 1588654961109,
    "end": 1588654961109,
    "duration": 0,
    "pid": 9148,
    "index": 54
  },
  {
    "name": "Require(46) node_modules/egg-mysql/app.js",
    "start": 1588654961112,
    "end": 1588654961160,
    "duration": 48,
    "pid": 9148,
    "index": 55
  },
  {
    "name": "Require(47) node_modules/egg-cors/app.js",
    "start": 1588654961161,
    "end": 1588654961161,
    "duration": 0,
    "pid": 9148,
    "index": 56
  },
  {
    "name": "Before Start in node_modules/egg-watcher/lib/init.js:15:14",
    "start": 1588654961182,
    "end": 1588654961595,
    "duration": 413,
    "pid": 9148,
    "index": 57
  },
  {
    "name": "Before Start in node_modules/egg-mysql/lib/mysql.js:20:7",
    "start": 1588654961345,
    "end": 1588654961600,
    "duration": 255,
    "pid": 9148,
    "index": 58
  },
  {
    "name": "Load Service",
    "start": 1588654961346,
    "end": 1588654961355,
    "duration": 9,
    "pid": 9148,
    "index": 59
  },
  {
    "name": "Load \"service\" to Context",
    "start": 1588654961346,
    "end": 1588654961355,
    "duration": 9,
    "pid": 9148,
    "index": 60
  },
  {
    "name": "Load Middleware",
    "start": 1588654961355,
    "end": 1588654961536,
    "duration": 181,
    "pid": 9148,
    "index": 61
  },
  {
    "name": "Load \"middlewares\" to Application",
    "start": 1588654961355,
    "end": 1588654961519,
    "duration": 164,
    "pid": 9148,
    "index": 62
  },
  {
    "name": "Load Controller",
    "start": 1588654961536,
    "end": 1588654961549,
    "duration": 13,
    "pid": 9148,
    "index": 63
  },
  {
    "name": "Load \"controller\" to Application",
    "start": 1588654961536,
    "end": 1588654961549,
    "duration": 13,
    "pid": 9148,
    "index": 64
  },
  {
    "name": "Load Router",
    "start": 1588654961549,
    "end": 1588654961555,
    "duration": 6,
    "pid": 9148,
    "index": 65
  },
  {
    "name": "Require(48) app/router.js",
    "start": 1588654961550,
    "end": 1588654961550,
    "duration": 0,
    "pid": 9148,
    "index": 66
  },
  {
    "name": "Before Start in node_modules/egg-core/lib/egg.js:303:10",
    "start": 1588654961552,
    "end": 1588654961578,
    "duration": 26,
    "pid": 9148,
    "index": 67
  }
]