[
  {
    "name": "Application Start",
    "start": 1588653238239,
    "end": 1588653239874,
    "duration": 1635,
    "pid": 7016,
    "index": 0
  },
  {
    "name": "Load Plugin",
    "start": 1588653238253,
    "end": 1588653238336,
    "duration": 83,
    "pid": 7016,
    "index": 1
  },
  {
    "name": "Load Config",
    "start": 1588653238336,
    "end": 1588653238405,
    "duration": 69,
    "pid": 7016,
    "index": 2
  },
  {
    "name": "Require(0) config/config.default.js",
    "start": 1588653238337,
    "end": 1588653238338,
    "duration": 1,
    "pid": 7016,
    "index": 3
  },
  {
    "name": "Require(1) node_modules/egg-session/config/config.default.js",
    "start": 1588653238341,
    "end": 1588653238343,
    "duration": 2,
    "pid": 7016,
    "index": 4
  },
  {
    "name": "Require(2) node_modules/egg-security/config/config.default.js",
    "start": 1588653238344,
    "end": 1588653238346,
    "duration": 2,
    "pid": 7016,
    "index": 5
  },
  {
    "name": "Require(3) node_modules/egg-jsonp/config/config.default.js",
    "start": 1588653238348,
    "end": 1588653238350,
    "duration": 2,
    "pid": 7016,
    "index": 6
  },
  {
    "name": "Require(4) node_modules/egg-onerror/config/config.default.js",
    "start": 1588653238351,
    "end": 1588653238353,
    "duration": 2,
    "pid": 7016,
    "index": 7
  },
  {
    "name": "Require(5) node_modules/egg-i18n/config/config.default.js",
    "start": 1588653238354,
    "end": 1588653238355,
    "duration": 1,
    "pid": 7016,
    "index": 8
  },
  {
    "name": "Require(6) node_modules/egg-watcher/config/config.default.js",
    "start": 1588653238357,
    "end": 1588653238358,
    "duration": 1,
    "pid": 7016,
    "index": 9
  },
  {
    "name": "Require(7) node_modules/egg-schedule/config/config.default.js",
    "start": 1588653238360,
    "end": 1588653238361,
    "duration": 1,
    "pid": 7016,
    "index": 10
  },
  {
    "name": "Require(8) node_modules/egg-multipart/config/config.default.js",
    "start": 1588653238363,
    "end": 1588653238364,
    "duration": 1,
    "pid": 7016,
    "index": 11
  },
  {
    "name": "Require(9) node_modules/egg-development/config/config.default.js",
    "start": 1588653238366,
    "end": 1588653238367,
    "duration": 1,
    "pid": 7016,
    "index": 12
  },
  {
    "name": "Require(10) node_modules/egg-logrotator/config/config.default.js",
    "start": 1588653238368,
    "end": 1588653238369,
    "duration": 1,
    "pid": 7016,
    "index": 13
  },
  {
    "name": "Require(11) node_modules/egg-static/config/config.default.js",
    "start": 1588653238371,
    "end": 1588653238372,
    "duration": 1,
    "pid": 7016,
    "index": 14
  },
  {
    "name": "Require(12) node_modules/egg-view/config/config.default.js",
    "start": 1588653238373,
    "end": 1588653238376,
    "duration": 3,
    "pid": 7016,
    "index": 15
  },
  {
    "name": "Require(13) node_modules/egg-mysql/config/config.default.js",
    "start": 1588653238377,
    "end": 1588653238378,
    "duration": 1,
    "pid": 7016,
    "index": 16
  },
  {
    "name": "Require(14) node_modules/egg-cors/config/config.default.js",
    "start": 1588653238379,
    "end": 1588653238381,
    "duration": 2,
    "pid": 7016,
    "index": 17
  },
  {
    "name": "Require(15) node_modules/egg/config/config.default.js",
    "start": 1588653238382,
    "end": 1588653238383,
    "duration": 1,
    "pid": 7016,
    "index": 18
  },
  {
    "name": "Require(16) config/config.default.js",
    "start": 1588653238387,
    "end": 1588653238387,
    "duration": 0,
    "pid": 7016,
    "index": 19
  },
  {
    "name": "Require(17) node_modules/egg-security/config/config.local.js",
    "start": 1588653238389,
    "end": 1588653238389,
    "duration": 0,
    "pid": 7016,
    "index": 20
  },
  {
    "name": "Require(18) node_modules/egg-watcher/config/config.local.js",
    "start": 1588653238394,
    "end": 1588653238395,
    "duration": 1,
    "pid": 7016,
    "index": 21
  },
  {
    "name": "Require(19) node_modules/egg-view/config/config.local.js",
    "start": 1588653238401,
    "end": 1588653238402,
    "duration": 1,
    "pid": 7016,
    "index": 22
  },
  {
    "name": "Require(20) node_modules/egg/config/config.local.js",
    "start": 1588653238404,
    "end": 1588653238405,
    "duration": 1,
    "pid": 7016,
    "index": 23
  },
  {
    "name": "Load extend/application.js",
    "start": 1588653238406,
    "end": 1588653238456,
    "duration": 50,
    "pid": 7016,
    "index": 24
  },
  {
    "name": "Require(21) node_modules/egg-session/app/extend/application.js",
    "start": 1588653238407,
    "end": 1588653238409,
    "duration": 2,
    "pid": 7016,
    "index": 25
  },
  {
    "name": "Require(22) node_modules/egg-security/app/extend/application.js",
    "start": 1588653238411,
    "end": 1588653238416,
    "duration": 5,
    "pid": 7016,
    "index": 26
  },
  {
    "name": "Require(23) node_modules/egg-jsonp/app/extend/application.js",
    "start": 1588653238417,
    "end": 1588653238422,
    "duration": 5,
    "pid": 7016,
    "index": 27
  },
  {
    "name": "Require(24) node_modules/egg-logrotator/app/extend/application.js",
    "start": 1588653238428,
    "end": 1588653238433,
    "duration": 5,
    "pid": 7016,
    "index": 28
  },
  {
    "name": "Require(25) node_modules/egg-view/app/extend/application.js",
    "start": 1588653238437,
    "end": 1588653238440,
    "duration": 3,
    "pid": 7016,
    "index": 29
  },
  {
    "name": "Load extend/request.js",
    "start": 1588653238456,
    "end": 1588653238488,
    "duration": 32,
    "pid": 7016,
    "index": 30
  },
  {
    "name": "Require(26) node_modules/egg/app/extend/request.js",
    "start": 1588653238474,
    "end": 1588653238478,
    "duration": 4,
    "pid": 7016,
    "index": 31
  },
  {
    "name": "Load extend/response.js",
    "start": 1588653238488,
    "end": 1588653238518,
    "duration": 30,
    "pid": 7016,
    "index": 32
  },
  {
    "name": "Require(27) node_modules/egg/app/extend/response.js",
    "start": 1588653238500,
    "end": 1588653238505,
    "duration": 5,
    "pid": 7016,
    "index": 33
  },
  {
    "name": "Load extend/context.js",
    "start": 1588653238518,
    "end": 1588653238664,
    "duration": 146,
    "pid": 7016,
    "index": 34
  },
  {
    "name": "Require(28) node_modules/egg-security/app/extend/context.js",
    "start": 1588653238519,
    "end": 1588653238549,
    "duration": 30,
    "pid": 7016,
    "index": 35
  },
  {
    "name": "Require(29) node_modules/egg-jsonp/app/extend/context.js",
    "start": 1588653238550,
    "end": 1588653238553,
    "duration": 3,
    "pid": 7016,
    "index": 36
  },
  {
    "name": "Require(30) node_modules/egg-i18n/app/extend/context.js",
    "start": 1588653238555,
    "end": 1588653238556,
    "duration": 1,
    "pid": 7016,
    "index": 37
  },
  {
    "name": "Require(31) node_modules/egg-multipart/app/extend/context.js",
    "start": 1588653238559,
    "end": 1588653238643,
    "duration": 84,
    "pid": 7016,
    "index": 38
  },
  {
    "name": "Require(32) node_modules/egg-view/app/extend/context.js",
    "start": 1588653238645,
    "end": 1588653238647,
    "duration": 2,
    "pid": 7016,
    "index": 39
  },
  {
    "name": "Require(33) node_modules/egg/app/extend/context.js",
    "start": 1588653238650,
    "end": 1588653238651,
    "duration": 1,
    "pid": 7016,
    "index": 40
  },
  {
    "name": "Load extend/helper.js",
    "start": 1588653238664,
    "end": 1588653238735,
    "duration": 71,
    "pid": 7016,
    "index": 41
  },
  {
    "name": "Require(34) node_modules/egg-security/app/extend/helper.js",
    "start": 1588653238666,
    "end": 1588653238712,
    "duration": 46,
    "pid": 7016,
    "index": 42
  },
  {
    "name": "Require(35) node_modules/egg/app/extend/helper.js",
    "start": 1588653238722,
    "end": 1588653238723,
    "duration": 1,
    "pid": 7016,
    "index": 43
  },
  {
    "name": "Load app.js",
    "start": 1588653238735,
    "end": 1588653238933,
    "duration": 198,
    "pid": 7016,
    "index": 44
  },
  {
    "name": "Require(36) node_modules/egg-session/app.js",
    "start": 1588653238736,
    "end": 1588653238737,
    "duration": 1,
    "pid": 7016,
    "index": 45
  },
  {
    "name": "Require(37) node_modules/egg-security/app.js",
    "start": 1588653238739,
    "end": 1588653238745,
    "duration": 6,
    "pid": 7016,
    "index": 46
  },
  {
    "name": "Require(38) node_modules/egg-onerror/app.js",
    "start": 1588653238750,
    "end": 1588653238780,
    "duration": 30,
    "pid": 7016,
    "index": 47
  },
  {
    "name": "Require(39) node_modules/egg-i18n/app.js",
    "start": 1588653238781,
    "end": 1588653238823,
    "duration": 42,
    "pid": 7016,
    "index": 48
  },
  {
    "name": "Require(40) node_modules/egg-watcher/app.js",
    "start": 1588653238824,
    "end": 1588653238836,
    "duration": 12,
    "pid": 7016,
    "index": 49
  },
  {
    "name": "Require(41) node_modules/egg-schedule/app.js",
    "start": 1588653238837,
    "end": 1588653238842,
    "duration": 5,
    "pid": 7016,
    "index": 50
  },
  {
    "name": "Require(42) node_modules/egg-multipart/app.js",
    "start": 1588653238844,
    "end": 1588653238856,
    "duration": 12,
    "pid": 7016,
    "index": 51
  },
  {
    "name": "Require(43) node_modules/egg-development/app.js",
    "start": 1588653238857,
    "end": 1588653238859,
    "duration": 2,
    "pid": 7016,
    "index": 52
  },
  {
    "name": "Require(44) node_modules/egg-logrotator/app.js",
    "start": 1588653238860,
    "end": 1588653238861,
    "duration": 1,
    "pid": 7016,
    "index": 53
  },
  {
    "name": "Require(45) node_modules/egg-static/app.js",
    "start": 1588653238862,
    "end": 1588653238863,
    "duration": 1,
    "pid": 7016,
    "index": 54
  },
  {
    "name": "Require(46) node_modules/egg-mysql/app.js",
    "start": 1588653238865,
    "end": 1588653238923,
    "duration": 58,
    "pid": 7016,
    "index": 55
  },
  {
    "name": "Require(47) node_modules/egg-cors/app.js",
    "start": 1588653238924,
    "end": 1588653238925,
    "duration": 1,
    "pid": 7016,
    "index": 56
  },
  {
    "name": "Before Start in node_modules/egg-watcher/lib/init.js:15:14",
    "start": 1588653238967,
    "end": 1588653239856,
    "duration": 889,
    "pid": 7016,
    "index": 57
  },
  {
    "name": "Before Start in node_modules/egg-mysql/lib/mysql.js:20:7",
    "start": 1588653239320,
    "end": 1588653239873,
    "duration": 553,
    "pid": 7016,
    "index": 58
  },
  {
    "name": "Load Service",
    "start": 1588653239320,
    "end": 1588653239340,
    "duration": 20,
    "pid": 7016,
    "index": 59
  },
  {
    "name": "Load \"service\" to Context",
    "start": 1588653239320,
    "end": 1588653239340,
    "duration": 20,
    "pid": 7016,
    "index": 60
  },
  {
    "name": "Load Middleware",
    "start": 1588653239341,
    "end": 1588653239688,
    "duration": 347,
    "pid": 7016,
    "index": 61
  },
  {
    "name": "Load \"middlewares\" to Application",
    "start": 1588653239342,
    "end": 1588653239656,
    "duration": 314,
    "pid": 7016,
    "index": 62
  },
  {
    "name": "Load Controller",
    "start": 1588653239688,
    "end": 1588653239706,
    "duration": 18,
    "pid": 7016,
    "index": 63
  },
  {
    "name": "Load \"controller\" to Application",
    "start": 1588653239688,
    "end": 1588653239706,
    "duration": 18,
    "pid": 7016,
    "index": 64
  },
  {
    "name": "Load Router",
    "start": 1588653239706,
    "end": 1588653239718,
    "duration": 12,
    "pid": 7016,
    "index": 65
  },
  {
    "name": "Require(48) app/router.js",
    "start": 1588653239707,
    "end": 1588653239708,
    "duration": 1,
    "pid": 7016,
    "index": 66
  },
  {
    "name": "Before Start in node_modules/egg-core/lib/egg.js:303:10",
    "start": 1588653239713,
    "end": 1588653239828,
    "duration": 115,
    "pid": 7016,
    "index": 67
  }
]