[
  {
    "name": "Application Start",
    "start": 1588651318397,
    "end": 1588651320228,
    "duration": 1831,
    "pid": 10056,
    "index": 0
  },
  {
    "name": "Load Plugin",
    "start": 1588651318407,
    "end": 1588651318474,
    "duration": 67,
    "pid": 10056,
    "index": 1
  },
  {
    "name": "Load Config",
    "start": 1588651318474,
    "end": 1588651318542,
    "duration": 68,
    "pid": 10056,
    "index": 2
  },
  {
    "name": "Require(0) config/config.default.js",
    "start": 1588651318475,
    "end": 1588651318476,
    "duration": 1,
    "pid": 10056,
    "index": 3
  },
  {
    "name": "Require(1) node_modules/egg-session/config/config.default.js",
    "start": 1588651318478,
    "end": 1588651318480,
    "duration": 2,
    "pid": 10056,
    "index": 4
  },
  {
    "name": "Require(2) node_modules/egg-security/config/config.default.js",
    "start": 1588651318481,
    "end": 1588651318482,
    "duration": 1,
    "pid": 10056,
    "index": 5
  },
  {
    "name": "Require(3) node_modules/egg-jsonp/config/config.default.js",
    "start": 1588651318484,
    "end": 1588651318485,
    "duration": 1,
    "pid": 10056,
    "index": 6
  },
  {
    "name": "Require(4) node_modules/egg-onerror/config/config.default.js",
    "start": 1588651318487,
    "end": 1588651318489,
    "duration": 2,
    "pid": 10056,
    "index": 7
  },
  {
    "name": "Require(5) node_modules/egg-i18n/config/config.default.js",
    "start": 1588651318492,
    "end": 1588651318493,
    "duration": 1,
    "pid": 10056,
    "index": 8
  },
  {
    "name": "Require(6) node_modules/egg-watcher/config/config.default.js",
    "start": 1588651318495,
    "end": 1588651318496,
    "duration": 1,
    "pid": 10056,
    "index": 9
  },
  {
    "name": "Require(7) node_modules/egg-schedule/config/config.default.js",
    "start": 1588651318497,
    "end": 1588651318498,
    "duration": 1,
    "pid": 10056,
    "index": 10
  },
  {
    "name": "Require(8) node_modules/egg-multipart/config/config.default.js",
    "start": 1588651318500,
    "end": 1588651318501,
    "duration": 1,
    "pid": 10056,
    "index": 11
  },
  {
    "name": "Require(9) node_modules/egg-development/config/config.default.js",
    "start": 1588651318502,
    "end": 1588651318505,
    "duration": 3,
    "pid": 10056,
    "index": 12
  },
  {
    "name": "Require(10) node_modules/egg-logrotator/config/config.default.js",
    "start": 1588651318507,
    "end": 1588651318509,
    "duration": 2,
    "pid": 10056,
    "index": 13
  },
  {
    "name": "Require(11) node_modules/egg-static/config/config.default.js",
    "start": 1588651318510,
    "end": 1588651318512,
    "duration": 2,
    "pid": 10056,
    "index": 14
  },
  {
    "name": "Require(12) node_modules/egg-view/config/config.default.js",
    "start": 1588651318514,
    "end": 1588651318515,
    "duration": 1,
    "pid": 10056,
    "index": 15
  },
  {
    "name": "Require(13) node_modules/egg-mysql/config/config.default.js",
    "start": 1588651318516,
    "end": 1588651318520,
    "duration": 4,
    "pid": 10056,
    "index": 16
  },
  {
    "name": "Require(14) node_modules/egg-cors/config/config.default.js",
    "start": 1588651318522,
    "end": 1588651318523,
    "duration": 1,
    "pid": 10056,
    "index": 17
  },
  {
    "name": "Require(15) node_modules/egg/config/config.default.js",
    "start": 1588651318524,
    "end": 1588651318525,
    "duration": 1,
    "pid": 10056,
    "index": 18
  },
  {
    "name": "Require(16) config/config.default.js",
    "start": 1588651318527,
    "end": 1588651318527,
    "duration": 0,
    "pid": 10056,
    "index": 19
  },
  {
    "name": "Require(17) node_modules/egg-security/config/config.local.js",
    "start": 1588651318528,
    "end": 1588651318529,
    "duration": 1,
    "pid": 10056,
    "index": 20
  },
  {
    "name": "Require(18) node_modules/egg-watcher/config/config.local.js",
    "start": 1588651318532,
    "end": 1588651318533,
    "duration": 1,
    "pid": 10056,
    "index": 21
  },
  {
    "name": "Require(19) node_modules/egg-view/config/config.local.js",
    "start": 1588651318537,
    "end": 1588651318538,
    "duration": 1,
    "pid": 10056,
    "index": 22
  },
  {
    "name": "Require(20) node_modules/egg/config/config.local.js",
    "start": 1588651318541,
    "end": 1588651318542,
    "duration": 1,
    "pid": 10056,
    "index": 23
  },
  {
    "name": "Load extend/application.js",
    "start": 1588651318543,
    "end": 1588651318598,
    "duration": 55,
    "pid": 10056,
    "index": 24
  },
  {
    "name": "Require(21) node_modules/egg-session/app/extend/application.js",
    "start": 1588651318544,
    "end": 1588651318545,
    "duration": 1,
    "pid": 10056,
    "index": 25
  },
  {
    "name": "Require(22) node_modules/egg-security/app/extend/application.js",
    "start": 1588651318547,
    "end": 1588651318551,
    "duration": 4,
    "pid": 10056,
    "index": 26
  },
  {
    "name": "Require(23) node_modules/egg-jsonp/app/extend/application.js",
    "start": 1588651318553,
    "end": 1588651318559,
    "duration": 6,
    "pid": 10056,
    "index": 27
  },
  {
    "name": "Require(24) node_modules/egg-logrotator/app/extend/application.js",
    "start": 1588651318564,
    "end": 1588651318571,
    "duration": 7,
    "pid": 10056,
    "index": 28
  },
  {
    "name": "Require(25) node_modules/egg-view/app/extend/application.js",
    "start": 1588651318575,
    "end": 1588651318581,
    "duration": 6,
    "pid": 10056,
    "index": 29
  },
  {
    "name": "Load extend/request.js",
    "start": 1588651318598,
    "end": 1588651318641,
    "duration": 43,
    "pid": 10056,
    "index": 30
  },
  {
    "name": "Require(26) node_modules/egg/app/extend/request.js",
    "start": 1588651318615,
    "end": 1588651318618,
    "duration": 3,
    "pid": 10056,
    "index": 31
  },
  {
    "name": "Load extend/response.js",
    "start": 1588651318641,
    "end": 1588651318675,
    "duration": 34,
    "pid": 10056,
    "index": 32
  },
  {
    "name": "Require(27) node_modules/egg/app/extend/response.js",
    "start": 1588651318653,
    "end": 1588651318659,
    "duration": 6,
    "pid": 10056,
    "index": 33
  },
  {
    "name": "Load extend/context.js",
    "start": 1588651318675,
    "end": 1588651318832,
    "duration": 157,
    "pid": 10056,
    "index": 34
  },
  {
    "name": "Require(28) node_modules/egg-security/app/extend/context.js",
    "start": 1588651318677,
    "end": 1588651318712,
    "duration": 35,
    "pid": 10056,
    "index": 35
  },
  {
    "name": "Require(29) node_modules/egg-jsonp/app/extend/context.js",
    "start": 1588651318715,
    "end": 1588651318719,
    "duration": 4,
    "pid": 10056,
    "index": 36
  },
  {
    "name": "Require(30) node_modules/egg-i18n/app/extend/context.js",
    "start": 1588651318723,
    "end": 1588651318724,
    "duration": 1,
    "pid": 10056,
    "index": 37
  },
  {
    "name": "Require(31) node_modules/egg-multipart/app/extend/context.js",
    "start": 1588651318727,
    "end": 1588651318812,
    "duration": 85,
    "pid": 10056,
    "index": 38
  },
  {
    "name": "Require(32) node_modules/egg-view/app/extend/context.js",
    "start": 1588651318815,
    "end": 1588651318817,
    "duration": 2,
    "pid": 10056,
    "index": 39
  },
  {
    "name": "Require(33) node_modules/egg/app/extend/context.js",
    "start": 1588651318818,
    "end": 1588651318820,
    "duration": 2,
    "pid": 10056,
    "index": 40
  },
  {
    "name": "Load extend/helper.js",
    "start": 1588651318832,
    "end": 1588651318918,
    "duration": 86,
    "pid": 10056,
    "index": 41
  },
  {
    "name": "Require(34) node_modules/egg-security/app/extend/helper.js",
    "start": 1588651318834,
    "end": 1588651318894,
    "duration": 60,
    "pid": 10056,
    "index": 42
  },
  {
    "name": "Require(35) node_modules/egg/app/extend/helper.js",
    "start": 1588651318905,
    "end": 1588651318907,
    "duration": 2,
    "pid": 10056,
    "index": 43
  },
  {
    "name": "Load app.js",
    "start": 1588651318918,
    "end": 1588651319123,
    "duration": 205,
    "pid": 10056,
    "index": 44
  },
  {
    "name": "Require(36) node_modules/egg-session/app.js",
    "start": 1588651318919,
    "end": 1588651318920,
    "duration": 1,
    "pid": 10056,
    "index": 45
  },
  {
    "name": "Require(37) node_modules/egg-security/app.js",
    "start": 1588651318921,
    "end": 1588651318926,
    "duration": 5,
    "pid": 10056,
    "index": 46
  },
  {
    "name": "Require(38) node_modules/egg-onerror/app.js",
    "start": 1588651318928,
    "end": 1588651318952,
    "duration": 24,
    "pid": 10056,
    "index": 47
  },
  {
    "name": "Require(39) node_modules/egg-i18n/app.js",
    "start": 1588651318954,
    "end": 1588651319007,
    "duration": 53,
    "pid": 10056,
    "index": 48
  },
  {
    "name": "Require(40) node_modules/egg-watcher/app.js",
    "start": 1588651319008,
    "end": 1588651319024,
    "duration": 16,
    "pid": 10056,
    "index": 49
  },
  {
    "name": "Require(41) node_modules/egg-schedule/app.js",
    "start": 1588651319025,
    "end": 1588651319029,
    "duration": 4,
    "pid": 10056,
    "index": 50
  },
  {
    "name": "Require(42) node_modules/egg-multipart/app.js",
    "start": 1588651319031,
    "end": 1588651319042,
    "duration": 11,
    "pid": 10056,
    "index": 51
  },
  {
    "name": "Require(43) node_modules/egg-development/app.js",
    "start": 1588651319043,
    "end": 1588651319044,
    "duration": 1,
    "pid": 10056,
    "index": 52
  },
  {
    "name": "Require(44) node_modules/egg-logrotator/app.js",
    "start": 1588651319045,
    "end": 1588651319046,
    "duration": 1,
    "pid": 10056,
    "index": 53
  },
  {
    "name": "Require(45) node_modules/egg-static/app.js",
    "start": 1588651319047,
    "end": 1588651319048,
    "duration": 1,
    "pid": 10056,
    "index": 54
  },
  {
    "name": "Require(46) node_modules/egg-mysql/app.js",
    "start": 1588651319051,
    "end": 1588651319114,
    "duration": 63,
    "pid": 10056,
    "index": 55
  },
  {
    "name": "Require(47) node_modules/egg-cors/app.js",
    "start": 1588651319115,
    "end": 1588651319116,
    "duration": 1,
    "pid": 10056,
    "index": 56
  },
  {
    "name": "Before Start in node_modules/egg-watcher/lib/init.js:15:14",
    "start": 1588651319148,
    "end": 1588651319977,
    "duration": 829,
    "pid": 10056,
    "index": 57
  },
  {
    "name": "Before Start in node_modules/egg-mysql/lib/mysql.js:20:7",
    "start": 1588651319388,
    "end": 1588651320227,
    "duration": 839,
    "pid": 10056,
    "index": 58
  },
  {
    "name": "Load Service",
    "start": 1588651319390,
    "end": 1588651319408,
    "duration": 18,
    "pid": 10056,
    "index": 59
  },
  {
    "name": "Load \"service\" to Context",
    "start": 1588651319390,
    "end": 1588651319408,
    "duration": 18,
    "pid": 10056,
    "index": 60
  },
  {
    "name": "Load Middleware",
    "start": 1588651319408,
    "end": 1588651319767,
    "duration": 359,
    "pid": 10056,
    "index": 61
  },
  {
    "name": "Load \"middlewares\" to Application",
    "start": 1588651319408,
    "end": 1588651319697,
    "duration": 289,
    "pid": 10056,
    "index": 62
  },
  {
    "name": "Load Controller",
    "start": 1588651319767,
    "end": 1588651319806,
    "duration": 39,
    "pid": 10056,
    "index": 63
  },
  {
    "name": "Load \"controller\" to Application",
    "start": 1588651319767,
    "end": 1588651319806,
    "duration": 39,
    "pid": 10056,
    "index": 64
  },
  {
    "name": "Load Router",
    "start": 1588651319806,
    "end": 1588651319828,
    "duration": 22,
    "pid": 10056,
    "index": 65
  },
  {
    "name": "Require(48) app/router.js",
    "start": 1588651319811,
    "end": 1588651319811,
    "duration": 0,
    "pid": 10056,
    "index": 66
  },
  {
    "name": "Before Start in node_modules/egg-core/lib/egg.js:303:10",
    "start": 1588651319815,
    "end": 1588651319938,
    "duration": 123,
    "pid": 10056,
    "index": 67
  }
]