[
  {
    "name": "Application Start",
    "start": 1588646759957,
    "end": 1588646762055,
    "duration": 2098,
    "pid": 12716,
    "index": 0
  },
  {
    "name": "Load Plugin",
    "start": 1588646759968,
    "end": 1588646760044,
    "duration": 76,
    "pid": 12716,
    "index": 1
  },
  {
    "name": "Load Config",
    "start": 1588646760044,
    "end": 1588646760102,
    "duration": 58,
    "pid": 12716,
    "index": 2
  },
  {
    "name": "Require(0) config/config.default.js",
    "start": 1588646760046,
    "end": 1588646760046,
    "duration": 0,
    "pid": 12716,
    "index": 3
  },
  {
    "name": "Require(1) node_modules/egg-session/config/config.default.js",
    "start": 1588646760049,
    "end": 1588646760050,
    "duration": 1,
    "pid": 12716,
    "index": 4
  },
  {
    "name": "Require(2) node_modules/egg-security/config/config.default.js",
    "start": 1588646760051,
    "end": 1588646760052,
    "duration": 1,
    "pid": 12716,
    "index": 5
  },
  {
    "name": "Require(3) node_modules/egg-jsonp/config/config.default.js",
    "start": 1588646760054,
    "end": 1588646760055,
    "duration": 1,
    "pid": 12716,
    "index": 6
  },
  {
    "name": "Require(4) node_modules/egg-onerror/config/config.default.js",
    "start": 1588646760056,
    "end": 1588646760057,
    "duration": 1,
    "pid": 12716,
    "index": 7
  },
  {
    "name": "Require(5) node_modules/egg-i18n/config/config.default.js",
    "start": 1588646760058,
    "end": 1588646760060,
    "duration": 2,
    "pid": 12716,
    "index": 8
  },
  {
    "name": "Require(6) node_modules/egg-watcher/config/config.default.js",
    "start": 1588646760061,
    "end": 1588646760063,
    "duration": 2,
    "pid": 12716,
    "index": 9
  },
  {
    "name": "Require(7) node_modules/egg-schedule/config/config.default.js",
    "start": 1588646760064,
    "end": 1588646760065,
    "duration": 1,
    "pid": 12716,
    "index": 10
  },
  {
    "name": "Require(8) node_modules/egg-multipart/config/config.default.js",
    "start": 1588646760066,
    "end": 1588646760067,
    "duration": 1,
    "pid": 12716,
    "index": 11
  },
  {
    "name": "Require(9) node_modules/egg-development/config/config.default.js",
    "start": 1588646760068,
    "end": 1588646760069,
    "duration": 1,
    "pid": 12716,
    "index": 12
  },
  {
    "name": "Require(10) node_modules/egg-logrotator/config/config.default.js",
    "start": 1588646760071,
    "end": 1588646760072,
    "duration": 1,
    "pid": 12716,
    "index": 13
  },
  {
    "name": "Require(11) node_modules/egg-static/config/config.default.js",
    "start": 1588646760073,
    "end": 1588646760074,
    "duration": 1,
    "pid": 12716,
    "index": 14
  },
  {
    "name": "Require(12) node_modules/egg-view/config/config.default.js",
    "start": 1588646760076,
    "end": 1588646760078,
    "duration": 2,
    "pid": 12716,
    "index": 15
  },
  {
    "name": "Require(13) node_modules/egg-mysql/config/config.default.js",
    "start": 1588646760079,
    "end": 1588646760080,
    "duration": 1,
    "pid": 12716,
    "index": 16
  },
  {
    "name": "Require(14) node_modules/egg-cors/config/config.default.js",
    "start": 1588646760082,
    "end": 1588646760083,
    "duration": 1,
    "pid": 12716,
    "index": 17
  },
  {
    "name": "Require(15) node_modules/egg/config/config.default.js",
    "start": 1588646760084,
    "end": 1588646760084,
    "duration": 0,
    "pid": 12716,
    "index": 18
  },
  {
    "name": "Require(16) config/config.default.js",
    "start": 1588646760088,
    "end": 1588646760088,
    "duration": 0,
    "pid": 12716,
    "index": 19
  },
  {
    "name": "Require(17) node_modules/egg-security/config/config.local.js",
    "start": 1588646760090,
    "end": 1588646760091,
    "duration": 1,
    "pid": 12716,
    "index": 20
  },
  {
    "name": "Require(18) node_modules/egg-watcher/config/config.local.js",
    "start": 1588646760094,
    "end": 1588646760095,
    "duration": 1,
    "pid": 12716,
    "index": 21
  },
  {
    "name": "Require(19) node_modules/egg-view/config/config.local.js",
    "start": 1588646760099,
    "end": 1588646760099,
    "duration": 0,
    "pid": 12716,
    "index": 22
  },
  {
    "name": "Require(20) node_modules/egg/config/config.local.js",
    "start": 1588646760101,
    "end": 1588646760102,
    "duration": 1,
    "pid": 12716,
    "index": 23
  },
  {
    "name": "Load extend/application.js",
    "start": 1588646760103,
    "end": 1588646760148,
    "duration": 45,
    "pid": 12716,
    "index": 24
  },
  {
    "name": "Require(21) node_modules/egg-session/app/extend/application.js",
    "start": 1588646760105,
    "end": 1588646760106,
    "duration": 1,
    "pid": 12716,
    "index": 25
  },
  {
    "name": "Require(22) node_modules/egg-security/app/extend/application.js",
    "start": 1588646760107,
    "end": 1588646760113,
    "duration": 6,
    "pid": 12716,
    "index": 26
  },
  {
    "name": "Require(23) node_modules/egg-jsonp/app/extend/application.js",
    "start": 1588646760114,
    "end": 1588646760118,
    "duration": 4,
    "pid": 12716,
    "index": 27
  },
  {
    "name": "Require(24) node_modules/egg-logrotator/app/extend/application.js",
    "start": 1588646760123,
    "end": 1588646760128,
    "duration": 5,
    "pid": 12716,
    "index": 28
  },
  {
    "name": "Require(25) node_modules/egg-view/app/extend/application.js",
    "start": 1588646760130,
    "end": 1588646760134,
    "duration": 4,
    "pid": 12716,
    "index": 29
  },
  {
    "name": "Load extend/request.js",
    "start": 1588646760148,
    "end": 1588646760171,
    "duration": 23,
    "pid": 12716,
    "index": 30
  },
  {
    "name": "Require(26) node_modules/egg/app/extend/request.js",
    "start": 1588646760158,
    "end": 1588646760161,
    "duration": 3,
    "pid": 12716,
    "index": 31
  },
  {
    "name": "Load extend/response.js",
    "start": 1588646760171,
    "end": 1588646760198,
    "duration": 27,
    "pid": 12716,
    "index": 32
  },
  {
    "name": "Require(27) node_modules/egg/app/extend/response.js",
    "start": 1588646760181,
    "end": 1588646760184,
    "duration": 3,
    "pid": 12716,
    "index": 33
  },
  {
    "name": "Load extend/context.js",
    "start": 1588646760198,
    "end": 1588646760319,
    "duration": 121,
    "pid": 12716,
    "index": 34
  },
  {
    "name": "Require(28) node_modules/egg-security/app/extend/context.js",
    "start": 1588646760199,
    "end": 1588646760223,
    "duration": 24,
    "pid": 12716,
    "index": 35
  },
  {
    "name": "Require(29) node_modules/egg-jsonp/app/extend/context.js",
    "start": 1588646760224,
    "end": 1588646760227,
    "duration": 3,
    "pid": 12716,
    "index": 36
  },
  {
    "name": "Require(30) node_modules/egg-i18n/app/extend/context.js",
    "start": 1588646760229,
    "end": 1588646760230,
    "duration": 1,
    "pid": 12716,
    "index": 37
  },
  {
    "name": "Require(31) node_modules/egg-multipart/app/extend/context.js",
    "start": 1588646760232,
    "end": 1588646760303,
    "duration": 71,
    "pid": 12716,
    "index": 38
  },
  {
    "name": "Require(32) node_modules/egg-view/app/extend/context.js",
    "start": 1588646760305,
    "end": 1588646760307,
    "duration": 2,
    "pid": 12716,
    "index": 39
  },
  {
    "name": "Require(33) node_modules/egg/app/extend/context.js",
    "start": 1588646760308,
    "end": 1588646760310,
    "duration": 2,
    "pid": 12716,
    "index": 40
  },
  {
    "name": "Load extend/helper.js",
    "start": 1588646760319,
    "end": 1588646760409,
    "duration": 90,
    "pid": 12716,
    "index": 41
  },
  {
    "name": "Require(34) node_modules/egg-security/app/extend/helper.js",
    "start": 1588646760321,
    "end": 1588646760381,
    "duration": 60,
    "pid": 12716,
    "index": 42
  },
  {
    "name": "Require(35) node_modules/egg/app/extend/helper.js",
    "start": 1588646760393,
    "end": 1588646760394,
    "duration": 1,
    "pid": 12716,
    "index": 43
  },
  {
    "name": "Load app.js",
    "start": 1588646760410,
    "end": 1588646760634,
    "duration": 224,
    "pid": 12716,
    "index": 44
  },
  {
    "name": "Require(36) node_modules/egg-session/app.js",
    "start": 1588646760411,
    "end": 1588646760412,
    "duration": 1,
    "pid": 12716,
    "index": 45
  },
  {
    "name": "Require(37) node_modules/egg-security/app.js",
    "start": 1588646760413,
    "end": 1588646760419,
    "duration": 6,
    "pid": 12716,
    "index": 46
  },
  {
    "name": "Require(38) node_modules/egg-onerror/app.js",
    "start": 1588646760421,
    "end": 1588646760452,
    "duration": 31,
    "pid": 12716,
    "index": 47
  },
  {
    "name": "Require(39) node_modules/egg-i18n/app.js",
    "start": 1588646760453,
    "end": 1588646760511,
    "duration": 58,
    "pid": 12716,
    "index": 48
  },
  {
    "name": "Require(40) node_modules/egg-watcher/app.js",
    "start": 1588646760513,
    "end": 1588646760524,
    "duration": 11,
    "pid": 12716,
    "index": 49
  },
  {
    "name": "Require(41) node_modules/egg-schedule/app.js",
    "start": 1588646760525,
    "end": 1588646760530,
    "duration": 5,
    "pid": 12716,
    "index": 50
  },
  {
    "name": "Require(42) node_modules/egg-multipart/app.js",
    "start": 1588646760531,
    "end": 1588646760544,
    "duration": 13,
    "pid": 12716,
    "index": 51
  },
  {
    "name": "Require(43) node_modules/egg-development/app.js",
    "start": 1588646760546,
    "end": 1588646760547,
    "duration": 1,
    "pid": 12716,
    "index": 52
  },
  {
    "name": "Require(44) node_modules/egg-logrotator/app.js",
    "start": 1588646760548,
    "end": 1588646760549,
    "duration": 1,
    "pid": 12716,
    "index": 53
  },
  {
    "name": "Require(45) node_modules/egg-static/app.js",
    "start": 1588646760550,
    "end": 1588646760551,
    "duration": 1,
    "pid": 12716,
    "index": 54
  },
  {
    "name": "Require(46) node_modules/egg-mysql/app.js",
    "start": 1588646760553,
    "end": 1588646760628,
    "duration": 75,
    "pid": 12716,
    "index": 55
  },
  {
    "name": "Require(47) node_modules/egg-cors/app.js",
    "start": 1588646760629,
    "end": 1588646760630,
    "duration": 1,
    "pid": 12716,
    "index": 56
  },
  {
    "name": "Before Start in node_modules/egg-watcher/lib/init.js:15:14",
    "start": 1588646760664,
    "end": 1588646761393,
    "duration": 729,
    "pid": 12716,
    "index": 57
  },
  {
    "name": "Before Start in node_modules/egg-mysql/lib/mysql.js:20:7",
    "start": 1588646760911,
    "end": 1588646762055,
    "duration": 1144,
    "pid": 12716,
    "index": 58
  },
  {
    "name": "Load Service",
    "start": 1588646760911,
    "end": 1588646760941,
    "duration": 30,
    "pid": 12716,
    "index": 59
  },
  {
    "name": "Load \"service\" to Context",
    "start": 1588646760911,
    "end": 1588646760941,
    "duration": 30,
    "pid": 12716,
    "index": 60
  },
  {
    "name": "Load Middleware",
    "start": 1588646760942,
    "end": 1588646761233,
    "duration": 291,
    "pid": 12716,
    "index": 61
  },
  {
    "name": "Load \"middlewares\" to Application",
    "start": 1588646760942,
    "end": 1588646761196,
    "duration": 254,
    "pid": 12716,
    "index": 62
  },
  {
    "name": "Load Controller",
    "start": 1588646761233,
    "end": 1588646761251,
    "duration": 18,
    "pid": 12716,
    "index": 63
  },
  {
    "name": "Load \"controller\" to Application",
    "start": 1588646761233,
    "end": 1588646761251,
    "duration": 18,
    "pid": 12716,
    "index": 64
  },
  {
    "name": "Load Router",
    "start": 1588646761251,
    "end": 1588646761261,
    "duration": 10,
    "pid": 12716,
    "index": 65
  },
  {
    "name": "Require(48) app/router.js",
    "start": 1588646761252,
    "end": 1588646761253,
    "duration": 1,
    "pid": 12716,
    "index": 66
  },
  {
    "name": "Before Start in node_modules/egg-core/lib/egg.js:303:10",
    "start": 1588646761256,
    "end": 1588646761364,
    "duration": 108,
    "pid": 12716,
    "index": 67
  }
]