[
  {
    "name": "Application Start",
    "start": 1588654728871,
    "end": 1588654729853,
    "duration": 982,
    "pid": 18084,
    "index": 0
  },
  {
    "name": "Load Plugin",
    "start": 1588654728880,
    "end": 1588654728939,
    "duration": 59,
    "pid": 18084,
    "index": 1
  },
  {
    "name": "Load Config",
    "start": 1588654728939,
    "end": 1588654728993,
    "duration": 54,
    "pid": 18084,
    "index": 2
  },
  {
    "name": "Require(0) config/config.default.js",
    "start": 1588654728940,
    "end": 1588654728941,
    "duration": 1,
    "pid": 18084,
    "index": 3
  },
  {
    "name": "Require(1) node_modules/egg-session/config/config.default.js",
    "start": 1588654728944,
    "end": 1588654728945,
    "duration": 1,
    "pid": 18084,
    "index": 4
  },
  {
    "name": "Require(2) node_modules/egg-security/config/config.default.js",
    "start": 1588654728946,
    "end": 1588654728947,
    "duration": 1,
    "pid": 18084,
    "index": 5
  },
  {
    "name": "Require(3) node_modules/egg-jsonp/config/config.default.js",
    "start": 1588654728948,
    "end": 1588654728950,
    "duration": 2,
    "pid": 18084,
    "index": 6
  },
  {
    "name": "Require(4) node_modules/egg-onerror/config/config.default.js",
    "start": 1588654728951,
    "end": 1588654728952,
    "duration": 1,
    "pid": 18084,
    "index": 7
  },
  {
    "name": "Require(5) node_modules/egg-i18n/config/config.default.js",
    "start": 1588654728953,
    "end": 1588654728954,
    "duration": 1,
    "pid": 18084,
    "index": 8
  },
  {
    "name": "Require(6) node_modules/egg-watcher/config/config.default.js",
    "start": 1588654728955,
    "end": 1588654728956,
    "duration": 1,
    "pid": 18084,
    "index": 9
  },
  {
    "name": "Require(7) node_modules/egg-schedule/config/config.default.js",
    "start": 1588654728957,
    "end": 1588654728959,
    "duration": 2,
    "pid": 18084,
    "index": 10
  },
  {
    "name": "Require(8) node_modules/egg-multipart/config/config.default.js",
    "start": 1588654728960,
    "end": 1588654728961,
    "duration": 1,
    "pid": 18084,
    "index": 11
  },
  {
    "name": "Require(9) node_modules/egg-development/config/config.default.js",
    "start": 1588654728962,
    "end": 1588654728963,
    "duration": 1,
    "pid": 18084,
    "index": 12
  },
  {
    "name": "Require(10) node_modules/egg-logrotator/config/config.default.js",
    "start": 1588654728965,
    "end": 1588654728966,
    "duration": 1,
    "pid": 18084,
    "index": 13
  },
  {
    "name": "Require(11) node_modules/egg-static/config/config.default.js",
    "start": 1588654728967,
    "end": 1588654728968,
    "duration": 1,
    "pid": 18084,
    "index": 14
  },
  {
    "name": "Require(12) node_modules/egg-view/config/config.default.js",
    "start": 1588654728969,
    "end": 1588654728970,
    "duration": 1,
    "pid": 18084,
    "index": 15
  },
  {
    "name": "Require(13) node_modules/egg-mysql/config/config.default.js",
    "start": 1588654728971,
    "end": 1588654728972,
    "duration": 1,
    "pid": 18084,
    "index": 16
  },
  {
    "name": "Require(14) node_modules/egg-cors/config/config.default.js",
    "start": 1588654728973,
    "end": 1588654728974,
    "duration": 1,
    "pid": 18084,
    "index": 17
  },
  {
    "name": "Require(15) node_modules/egg/config/config.default.js",
    "start": 1588654728975,
    "end": 1588654728976,
    "duration": 1,
    "pid": 18084,
    "index": 18
  },
  {
    "name": "Require(16) config/config.default.js",
    "start": 1588654728980,
    "end": 1588654728980,
    "duration": 0,
    "pid": 18084,
    "index": 19
  },
  {
    "name": "Require(17) node_modules/egg-security/config/config.local.js",
    "start": 1588654728981,
    "end": 1588654728982,
    "duration": 1,
    "pid": 18084,
    "index": 20
  },
  {
    "name": "Require(18) node_modules/egg-watcher/config/config.local.js",
    "start": 1588654728985,
    "end": 1588654728985,
    "duration": 0,
    "pid": 18084,
    "index": 21
  },
  {
    "name": "Require(19) node_modules/egg-view/config/config.local.js",
    "start": 1588654728990,
    "end": 1588654728990,
    "duration": 0,
    "pid": 18084,
    "index": 22
  },
  {
    "name": "Require(20) node_modules/egg/config/config.local.js",
    "start": 1588654728993,
    "end": 1588654728993,
    "duration": 0,
    "pid": 18084,
    "index": 23
  },
  {
    "name": "Load extend/application.js",
    "start": 1588654728994,
    "end": 1588654729029,
    "duration": 35,
    "pid": 18084,
    "index": 24
  },
  {
    "name": "Require(21) node_modules/egg-session/app/extend/application.js",
    "start": 1588654728995,
    "end": 1588654728997,
    "duration": 2,
    "pid": 18084,
    "index": 25
  },
  {
    "name": "Require(22) node_modules/egg-security/app/extend/application.js",
    "start": 1588654728998,
    "end": 1588654729001,
    "duration": 3,
    "pid": 18084,
    "index": 26
  },
  {
    "name": "Require(23) node_modules/egg-jsonp/app/extend/application.js",
    "start": 1588654729002,
    "end": 1588654729006,
    "duration": 4,
    "pid": 18084,
    "index": 27
  },
  {
    "name": "Require(24) node_modules/egg-logrotator/app/extend/application.js",
    "start": 1588654729010,
    "end": 1588654729014,
    "duration": 4,
    "pid": 18084,
    "index": 28
  },
  {
    "name": "Require(25) node_modules/egg-view/app/extend/application.js",
    "start": 1588654729015,
    "end": 1588654729019,
    "duration": 4,
    "pid": 18084,
    "index": 29
  },
  {
    "name": "Load extend/request.js",
    "start": 1588654729029,
    "end": 1588654729050,
    "duration": 21,
    "pid": 18084,
    "index": 30
  },
  {
    "name": "Require(26) node_modules/egg/app/extend/request.js",
    "start": 1588654729039,
    "end": 1588654729040,
    "duration": 1,
    "pid": 18084,
    "index": 31
  },
  {
    "name": "Load extend/response.js",
    "start": 1588654729050,
    "end": 1588654729079,
    "duration": 29,
    "pid": 18084,
    "index": 32
  },
  {
    "name": "Require(27) node_modules/egg/app/extend/response.js",
    "start": 1588654729062,
    "end": 1588654729066,
    "duration": 4,
    "pid": 18084,
    "index": 33
  },
  {
    "name": "Load extend/context.js",
    "start": 1588654729079,
    "end": 1588654729198,
    "duration": 119,
    "pid": 18084,
    "index": 34
  },
  {
    "name": "Require(28) node_modules/egg-security/app/extend/context.js",
    "start": 1588654729080,
    "end": 1588654729104,
    "duration": 24,
    "pid": 18084,
    "index": 35
  },
  {
    "name": "Require(29) node_modules/egg-jsonp/app/extend/context.js",
    "start": 1588654729104,
    "end": 1588654729109,
    "duration": 5,
    "pid": 18084,
    "index": 36
  },
  {
    "name": "Require(30) node_modules/egg-i18n/app/extend/context.js",
    "start": 1588654729110,
    "end": 1588654729111,
    "duration": 1,
    "pid": 18084,
    "index": 37
  },
  {
    "name": "Require(31) node_modules/egg-multipart/app/extend/context.js",
    "start": 1588654729114,
    "end": 1588654729182,
    "duration": 68,
    "pid": 18084,
    "index": 38
  },
  {
    "name": "Require(32) node_modules/egg-view/app/extend/context.js",
    "start": 1588654729184,
    "end": 1588654729186,
    "duration": 2,
    "pid": 18084,
    "index": 39
  },
  {
    "name": "Require(33) node_modules/egg/app/extend/context.js",
    "start": 1588654729188,
    "end": 1588654729189,
    "duration": 1,
    "pid": 18084,
    "index": 40
  },
  {
    "name": "Load extend/helper.js",
    "start": 1588654729198,
    "end": 1588654729254,
    "duration": 56,
    "pid": 18084,
    "index": 41
  },
  {
    "name": "Require(34) node_modules/egg-security/app/extend/helper.js",
    "start": 1588654729199,
    "end": 1588654729237,
    "duration": 38,
    "pid": 18084,
    "index": 42
  },
  {
    "name": "Require(35) node_modules/egg/app/extend/helper.js",
    "start": 1588654729244,
    "end": 1588654729245,
    "duration": 1,
    "pid": 18084,
    "index": 43
  },
  {
    "name": "Load app.js",
    "start": 1588654729255,
    "end": 1588654729389,
    "duration": 134,
    "pid": 18084,
    "index": 44
  },
  {
    "name": "Require(36) node_modules/egg-session/app.js",
    "start": 1588654729255,
    "end": 1588654729256,
    "duration": 1,
    "pid": 18084,
    "index": 45
  },
  {
    "name": "Require(37) node_modules/egg-security/app.js",
    "start": 1588654729257,
    "end": 1588654729261,
    "duration": 4,
    "pid": 18084,
    "index": 46
  },
  {
    "name": "Require(38) node_modules/egg-onerror/app.js",
    "start": 1588654729262,
    "end": 1588654729282,
    "duration": 20,
    "pid": 18084,
    "index": 47
  },
  {
    "name": "Require(39) node_modules/egg-i18n/app.js",
    "start": 1588654729282,
    "end": 1588654729316,
    "duration": 34,
    "pid": 18084,
    "index": 48
  },
  {
    "name": "Require(40) node_modules/egg-watcher/app.js",
    "start": 1588654729316,
    "end": 1588654729325,
    "duration": 9,
    "pid": 18084,
    "index": 49
  },
  {
    "name": "Require(41) node_modules/egg-schedule/app.js",
    "start": 1588654729326,
    "end": 1588654729332,
    "duration": 6,
    "pid": 18084,
    "index": 50
  },
  {
    "name": "Require(42) node_modules/egg-multipart/app.js",
    "start": 1588654729333,
    "end": 1588654729339,
    "duration": 6,
    "pid": 18084,
    "index": 51
  },
  {
    "name": "Require(43) node_modules/egg-development/app.js",
    "start": 1588654729340,
    "end": 1588654729341,
    "duration": 1,
    "pid": 18084,
    "index": 52
  },
  {
    "name": "Require(44) node_modules/egg-logrotator/app.js",
    "start": 1588654729342,
    "end": 1588654729342,
    "duration": 0,
    "pid": 18084,
    "index": 53
  },
  {
    "name": "Require(45) node_modules/egg-static/app.js",
    "start": 1588654729343,
    "end": 1588654729344,
    "duration": 1,
    "pid": 18084,
    "index": 54
  },
  {
    "name": "Require(46) node_modules/egg-mysql/app.js",
    "start": 1588654729345,
    "end": 1588654729385,
    "duration": 40,
    "pid": 18084,
    "index": 55
  },
  {
    "name": "Require(47) node_modules/egg-cors/app.js",
    "start": 1588654729386,
    "end": 1588654729386,
    "duration": 0,
    "pid": 18084,
    "index": 56
  },
  {
    "name": "Before Start in node_modules/egg-watcher/lib/init.js:15:14",
    "start": 1588654729407,
    "end": 1588654729845,
    "duration": 438,
    "pid": 18084,
    "index": 57
  },
  {
    "name": "Before Start in node_modules/egg-mysql/lib/mysql.js:20:7",
    "start": 1588654729566,
    "end": 1588654729852,
    "duration": 286,
    "pid": 18084,
    "index": 58
  },
  {
    "name": "Load Service",
    "start": 1588654729567,
    "end": 1588654729577,
    "duration": 10,
    "pid": 18084,
    "index": 59
  },
  {
    "name": "Load \"service\" to Context",
    "start": 1588654729567,
    "end": 1588654729577,
    "duration": 10,
    "pid": 18084,
    "index": 60
  },
  {
    "name": "Load Middleware",
    "start": 1588654729578,
    "end": 1588654729784,
    "duration": 206,
    "pid": 18084,
    "index": 61
  },
  {
    "name": "Load \"middlewares\" to Application",
    "start": 1588654729578,
    "end": 1588654729752,
    "duration": 174,
    "pid": 18084,
    "index": 62
  },
  {
    "name": "Load Controller",
    "start": 1588654729784,
    "end": 1588654729798,
    "duration": 14,
    "pid": 18084,
    "index": 63
  },
  {
    "name": "Load \"controller\" to Application",
    "start": 1588654729784,
    "end": 1588654729798,
    "duration": 14,
    "pid": 18084,
    "index": 64
  },
  {
    "name": "Load Router",
    "start": 1588654729798,
    "end": 1588654729807,
    "duration": 9,
    "pid": 18084,
    "index": 65
  },
  {
    "name": "Require(48) app/router.js",
    "start": 1588654729799,
    "end": 1588654729800,
    "duration": 1,
    "pid": 18084,
    "index": 66
  },
  {
    "name": "Before Start in node_modules/egg-core/lib/egg.js:303:10",
    "start": 1588654729803,
    "end": 1588654729830,
    "duration": 27,
    "pid": 18084,
    "index": 67
  }
]