[
  {
    "name": "Application Start",
    "start": 1588651829955,
    "end": 1588651830911,
    "duration": 956,
    "pid": 6696,
    "index": 0
  },
  {
    "name": "Load Plugin",
    "start": 1588651829964,
    "end": 1588651830024,
    "duration": 60,
    "pid": 6696,
    "index": 1
  },
  {
    "name": "Load Config",
    "start": 1588651830024,
    "end": 1588651830079,
    "duration": 55,
    "pid": 6696,
    "index": 2
  },
  {
    "name": "Require(0) config/config.default.js",
    "start": 1588651830026,
    "end": 1588651830026,
    "duration": 0,
    "pid": 6696,
    "index": 3
  },
  {
    "name": "Require(1) node_modules/egg-session/config/config.default.js",
    "start": 1588651830029,
    "end": 1588651830030,
    "duration": 1,
    "pid": 6696,
    "index": 4
  },
  {
    "name": "Require(2) node_modules/egg-security/config/config.default.js",
    "start": 1588651830031,
    "end": 1588651830032,
    "duration": 1,
    "pid": 6696,
    "index": 5
  },
  {
    "name": "Require(3) node_modules/egg-jsonp/config/config.default.js",
    "start": 1588651830034,
    "end": 1588651830035,
    "duration": 1,
    "pid": 6696,
    "index": 6
  },
  {
    "name": "Require(4) node_modules/egg-onerror/config/config.default.js",
    "start": 1588651830036,
    "end": 1588651830037,
    "duration": 1,
    "pid": 6696,
    "index": 7
  },
  {
    "name": "Require(5) node_modules/egg-i18n/config/config.default.js",
    "start": 1588651830038,
    "end": 1588651830039,
    "duration": 1,
    "pid": 6696,
    "index": 8
  },
  {
    "name": "Require(6) node_modules/egg-watcher/config/config.default.js",
    "start": 1588651830040,
    "end": 1588651830042,
    "duration": 2,
    "pid": 6696,
    "index": 9
  },
  {
    "name": "Require(7) node_modules/egg-schedule/config/config.default.js",
    "start": 1588651830043,
    "end": 1588651830044,
    "duration": 1,
    "pid": 6696,
    "index": 10
  },
  {
    "name": "Require(8) node_modules/egg-multipart/config/config.default.js",
    "start": 1588651830045,
    "end": 1588651830046,
    "duration": 1,
    "pid": 6696,
    "index": 11
  },
  {
    "name": "Require(9) node_modules/egg-development/config/config.default.js",
    "start": 1588651830047,
    "end": 1588651830048,
    "duration": 1,
    "pid": 6696,
    "index": 12
  },
  {
    "name": "Require(10) node_modules/egg-logrotator/config/config.default.js",
    "start": 1588651830050,
    "end": 1588651830052,
    "duration": 2,
    "pid": 6696,
    "index": 13
  },
  {
    "name": "Require(11) node_modules/egg-static/config/config.default.js",
    "start": 1588651830056,
    "end": 1588651830057,
    "duration": 1,
    "pid": 6696,
    "index": 14
  },
  {
    "name": "Require(12) node_modules/egg-view/config/config.default.js",
    "start": 1588651830058,
    "end": 1588651830059,
    "duration": 1,
    "pid": 6696,
    "index": 15
  },
  {
    "name": "Require(13) node_modules/egg-mysql/config/config.default.js",
    "start": 1588651830060,
    "end": 1588651830061,
    "duration": 1,
    "pid": 6696,
    "index": 16
  },
  {
    "name": "Require(14) node_modules/egg-cors/config/config.default.js",
    "start": 1588651830062,
    "end": 1588651830063,
    "duration": 1,
    "pid": 6696,
    "index": 17
  },
  {
    "name": "Require(15) node_modules/egg/config/config.default.js",
    "start": 1588651830064,
    "end": 1588651830065,
    "duration": 1,
    "pid": 6696,
    "index": 18
  },
  {
    "name": "Require(16) config/config.default.js",
    "start": 1588651830066,
    "end": 1588651830066,
    "duration": 0,
    "pid": 6696,
    "index": 19
  },
  {
    "name": "Require(17) node_modules/egg-security/config/config.local.js",
    "start": 1588651830068,
    "end": 1588651830068,
    "duration": 0,
    "pid": 6696,
    "index": 20
  },
  {
    "name": "Require(18) node_modules/egg-watcher/config/config.local.js",
    "start": 1588651830071,
    "end": 1588651830072,
    "duration": 1,
    "pid": 6696,
    "index": 21
  },
  {
    "name": "Require(19) node_modules/egg-view/config/config.local.js",
    "start": 1588651830076,
    "end": 1588651830077,
    "duration": 1,
    "pid": 6696,
    "index": 22
  },
  {
    "name": "Require(20) node_modules/egg/config/config.local.js",
    "start": 1588651830079,
    "end": 1588651830079,
    "duration": 0,
    "pid": 6696,
    "index": 23
  },
  {
    "name": "Load extend/application.js",
    "start": 1588651830081,
    "end": 1588651830116,
    "duration": 35,
    "pid": 6696,
    "index": 24
  },
  {
    "name": "Require(21) node_modules/egg-session/app/extend/application.js",
    "start": 1588651830082,
    "end": 1588651830083,
    "duration": 1,
    "pid": 6696,
    "index": 25
  },
  {
    "name": "Require(22) node_modules/egg-security/app/extend/application.js",
    "start": 1588651830084,
    "end": 1588651830087,
    "duration": 3,
    "pid": 6696,
    "index": 26
  },
  {
    "name": "Require(23) node_modules/egg-jsonp/app/extend/application.js",
    "start": 1588651830089,
    "end": 1588651830092,
    "duration": 3,
    "pid": 6696,
    "index": 27
  },
  {
    "name": "Require(24) node_modules/egg-logrotator/app/extend/application.js",
    "start": 1588651830097,
    "end": 1588651830100,
    "duration": 3,
    "pid": 6696,
    "index": 28
  },
  {
    "name": "Require(25) node_modules/egg-view/app/extend/application.js",
    "start": 1588651830102,
    "end": 1588651830105,
    "duration": 3,
    "pid": 6696,
    "index": 29
  },
  {
    "name": "Load extend/request.js",
    "start": 1588651830116,
    "end": 1588651830136,
    "duration": 20,
    "pid": 6696,
    "index": 30
  },
  {
    "name": "Require(26) node_modules/egg/app/extend/request.js",
    "start": 1588651830126,
    "end": 1588651830127,
    "duration": 1,
    "pid": 6696,
    "index": 31
  },
  {
    "name": "Load extend/response.js",
    "start": 1588651830136,
    "end": 1588651830158,
    "duration": 22,
    "pid": 6696,
    "index": 32
  },
  {
    "name": "Require(27) node_modules/egg/app/extend/response.js",
    "start": 1588651830146,
    "end": 1588651830149,
    "duration": 3,
    "pid": 6696,
    "index": 33
  },
  {
    "name": "Load extend/context.js",
    "start": 1588651830158,
    "end": 1588651830278,
    "duration": 120,
    "pid": 6696,
    "index": 34
  },
  {
    "name": "Require(28) node_modules/egg-security/app/extend/context.js",
    "start": 1588651830160,
    "end": 1588651830182,
    "duration": 22,
    "pid": 6696,
    "index": 35
  },
  {
    "name": "Require(29) node_modules/egg-jsonp/app/extend/context.js",
    "start": 1588651830183,
    "end": 1588651830186,
    "duration": 3,
    "pid": 6696,
    "index": 36
  },
  {
    "name": "Require(30) node_modules/egg-i18n/app/extend/context.js",
    "start": 1588651830188,
    "end": 1588651830189,
    "duration": 1,
    "pid": 6696,
    "index": 37
  },
  {
    "name": "Require(31) node_modules/egg-multipart/app/extend/context.js",
    "start": 1588651830191,
    "end": 1588651830262,
    "duration": 71,
    "pid": 6696,
    "index": 38
  },
  {
    "name": "Require(32) node_modules/egg-view/app/extend/context.js",
    "start": 1588651830264,
    "end": 1588651830266,
    "duration": 2,
    "pid": 6696,
    "index": 39
  },
  {
    "name": "Require(33) node_modules/egg/app/extend/context.js",
    "start": 1588651830267,
    "end": 1588651830268,
    "duration": 1,
    "pid": 6696,
    "index": 40
  },
  {
    "name": "Load extend/helper.js",
    "start": 1588651830278,
    "end": 1588651830333,
    "duration": 55,
    "pid": 6696,
    "index": 41
  },
  {
    "name": "Require(34) node_modules/egg-security/app/extend/helper.js",
    "start": 1588651830279,
    "end": 1588651830315,
    "duration": 36,
    "pid": 6696,
    "index": 42
  },
  {
    "name": "Require(35) node_modules/egg/app/extend/helper.js",
    "start": 1588651830323,
    "end": 1588651830323,
    "duration": 0,
    "pid": 6696,
    "index": 43
  },
  {
    "name": "Load app.js",
    "start": 1588651830333,
    "end": 1588651830464,
    "duration": 131,
    "pid": 6696,
    "index": 44
  },
  {
    "name": "Require(36) node_modules/egg-session/app.js",
    "start": 1588651830334,
    "end": 1588651830335,
    "duration": 1,
    "pid": 6696,
    "index": 45
  },
  {
    "name": "Require(37) node_modules/egg-security/app.js",
    "start": 1588651830335,
    "end": 1588651830339,
    "duration": 4,
    "pid": 6696,
    "index": 46
  },
  {
    "name": "Require(38) node_modules/egg-onerror/app.js",
    "start": 1588651830341,
    "end": 1588651830359,
    "duration": 18,
    "pid": 6696,
    "index": 47
  },
  {
    "name": "Require(39) node_modules/egg-i18n/app.js",
    "start": 1588651830360,
    "end": 1588651830392,
    "duration": 32,
    "pid": 6696,
    "index": 48
  },
  {
    "name": "Require(40) node_modules/egg-watcher/app.js",
    "start": 1588651830393,
    "end": 1588651830405,
    "duration": 12,
    "pid": 6696,
    "index": 49
  },
  {
    "name": "Require(41) node_modules/egg-schedule/app.js",
    "start": 1588651830405,
    "end": 1588651830408,
    "duration": 3,
    "pid": 6696,
    "index": 50
  },
  {
    "name": "Require(42) node_modules/egg-multipart/app.js",
    "start": 1588651830409,
    "end": 1588651830415,
    "duration": 6,
    "pid": 6696,
    "index": 51
  },
  {
    "name": "Require(43) node_modules/egg-development/app.js",
    "start": 1588651830416,
    "end": 1588651830417,
    "duration": 1,
    "pid": 6696,
    "index": 52
  },
  {
    "name": "Require(44) node_modules/egg-logrotator/app.js",
    "start": 1588651830417,
    "end": 1588651830418,
    "duration": 1,
    "pid": 6696,
    "index": 53
  },
  {
    "name": "Require(45) node_modules/egg-static/app.js",
    "start": 1588651830419,
    "end": 1588651830419,
    "duration": 0,
    "pid": 6696,
    "index": 54
  },
  {
    "name": "Require(46) node_modules/egg-mysql/app.js",
    "start": 1588651830421,
    "end": 1588651830460,
    "duration": 39,
    "pid": 6696,
    "index": 55
  },
  {
    "name": "Require(47) node_modules/egg-cors/app.js",
    "start": 1588651830460,
    "end": 1588651830461,
    "duration": 1,
    "pid": 6696,
    "index": 56
  },
  {
    "name": "Before Start in node_modules/egg-watcher/lib/init.js:15:14",
    "start": 1588651830482,
    "end": 1588651830902,
    "duration": 420,
    "pid": 6696,
    "index": 57
  },
  {
    "name": "Before Start in node_modules/egg-mysql/lib/mysql.js:20:7",
    "start": 1588651830645,
    "end": 1588651830911,
    "duration": 266,
    "pid": 6696,
    "index": 58
  },
  {
    "name": "Load Service",
    "start": 1588651830645,
    "end": 1588651830654,
    "duration": 9,
    "pid": 6696,
    "index": 59
  },
  {
    "name": "Load \"service\" to Context",
    "start": 1588651830645,
    "end": 1588651830654,
    "duration": 9,
    "pid": 6696,
    "index": 60
  },
  {
    "name": "Load Middleware",
    "start": 1588651830655,
    "end": 1588651830850,
    "duration": 195,
    "pid": 6696,
    "index": 61
  },
  {
    "name": "Load \"middlewares\" to Application",
    "start": 1588651830655,
    "end": 1588651830833,
    "duration": 178,
    "pid": 6696,
    "index": 62
  },
  {
    "name": "Load Controller",
    "start": 1588651830851,
    "end": 1588651830862,
    "duration": 11,
    "pid": 6696,
    "index": 63
  },
  {
    "name": "Load \"controller\" to Application",
    "start": 1588651830851,
    "end": 1588651830862,
    "duration": 11,
    "pid": 6696,
    "index": 64
  },
  {
    "name": "Load Router",
    "start": 1588651830862,
    "end": 1588651830868,
    "duration": 6,
    "pid": 6696,
    "index": 65
  },
  {
    "name": "Require(48) app/router.js",
    "start": 1588651830862,
    "end": 1588651830863,
    "duration": 1,
    "pid": 6696,
    "index": 66
  },
  {
    "name": "Before Start in node_modules/egg-core/lib/egg.js:303:10",
    "start": 1588651830865,
    "end": 1588651830889,
    "duration": 24,
    "pid": 6696,
    "index": 67
  }
]