[
  {
    "name": "Application Start",
    "start": 1588651778276,
    "end": 1588651779400,
    "duration": 1124,
    "pid": 15540,
    "index": 0
  },
  {
    "name": "Load Plugin",
    "start": 1588651778288,
    "end": 1588651778370,
    "duration": 82,
    "pid": 15540,
    "index": 1
  },
  {
    "name": "Load Config",
    "start": 1588651778371,
    "end": 1588651778426,
    "duration": 55,
    "pid": 15540,
    "index": 2
  },
  {
    "name": "Require(0) config/config.default.js",
    "start": 1588651778372,
    "end": 1588651778372,
    "duration": 0,
    "pid": 15540,
    "index": 3
  },
  {
    "name": "Require(1) node_modules/egg-session/config/config.default.js",
    "start": 1588651778375,
    "end": 1588651778377,
    "duration": 2,
    "pid": 15540,
    "index": 4
  },
  {
    "name": "Require(2) node_modules/egg-security/config/config.default.js",
    "start": 1588651778378,
    "end": 1588651778379,
    "duration": 1,
    "pid": 15540,
    "index": 5
  },
  {
    "name": "Require(3) node_modules/egg-jsonp/config/config.default.js",
    "start": 1588651778381,
    "end": 1588651778382,
    "duration": 1,
    "pid": 15540,
    "index": 6
  },
  {
    "name": "Require(4) node_modules/egg-onerror/config/config.default.js",
    "start": 1588651778383,
    "end": 1588651778385,
    "duration": 2,
    "pid": 15540,
    "index": 7
  },
  {
    "name": "Require(5) node_modules/egg-i18n/config/config.default.js",
    "start": 1588651778386,
    "end": 1588651778387,
    "duration": 1,
    "pid": 15540,
    "index": 8
  },
  {
    "name": "Require(6) node_modules/egg-watcher/config/config.default.js",
    "start": 1588651778388,
    "end": 1588651778389,
    "duration": 1,
    "pid": 15540,
    "index": 9
  },
  {
    "name": "Require(7) node_modules/egg-schedule/config/config.default.js",
    "start": 1588651778390,
    "end": 1588651778391,
    "duration": 1,
    "pid": 15540,
    "index": 10
  },
  {
    "name": "Require(8) node_modules/egg-multipart/config/config.default.js",
    "start": 1588651778392,
    "end": 1588651778393,
    "duration": 1,
    "pid": 15540,
    "index": 11
  },
  {
    "name": "Require(9) node_modules/egg-development/config/config.default.js",
    "start": 1588651778395,
    "end": 1588651778396,
    "duration": 1,
    "pid": 15540,
    "index": 12
  },
  {
    "name": "Require(10) node_modules/egg-logrotator/config/config.default.js",
    "start": 1588651778397,
    "end": 1588651778398,
    "duration": 1,
    "pid": 15540,
    "index": 13
  },
  {
    "name": "Require(11) node_modules/egg-static/config/config.default.js",
    "start": 1588651778399,
    "end": 1588651778400,
    "duration": 1,
    "pid": 15540,
    "index": 14
  },
  {
    "name": "Require(12) node_modules/egg-view/config/config.default.js",
    "start": 1588651778402,
    "end": 1588651778403,
    "duration": 1,
    "pid": 15540,
    "index": 15
  },
  {
    "name": "Require(13) node_modules/egg-mysql/config/config.default.js",
    "start": 1588651778405,
    "end": 1588651778408,
    "duration": 3,
    "pid": 15540,
    "index": 16
  },
  {
    "name": "Require(14) node_modules/egg-cors/config/config.default.js",
    "start": 1588651778409,
    "end": 1588651778410,
    "duration": 1,
    "pid": 15540,
    "index": 17
  },
  {
    "name": "Require(15) node_modules/egg/config/config.default.js",
    "start": 1588651778411,
    "end": 1588651778412,
    "duration": 1,
    "pid": 15540,
    "index": 18
  },
  {
    "name": "Require(16) config/config.default.js",
    "start": 1588651778413,
    "end": 1588651778413,
    "duration": 0,
    "pid": 15540,
    "index": 19
  },
  {
    "name": "Require(17) node_modules/egg-security/config/config.local.js",
    "start": 1588651778415,
    "end": 1588651778416,
    "duration": 1,
    "pid": 15540,
    "index": 20
  },
  {
    "name": "Require(18) node_modules/egg-watcher/config/config.local.js",
    "start": 1588651778419,
    "end": 1588651778419,
    "duration": 0,
    "pid": 15540,
    "index": 21
  },
  {
    "name": "Require(19) node_modules/egg-view/config/config.local.js",
    "start": 1588651778423,
    "end": 1588651778423,
    "duration": 0,
    "pid": 15540,
    "index": 22
  },
  {
    "name": "Require(20) node_modules/egg/config/config.local.js",
    "start": 1588651778426,
    "end": 1588651778426,
    "duration": 0,
    "pid": 15540,
    "index": 23
  },
  {
    "name": "Load extend/application.js",
    "start": 1588651778427,
    "end": 1588651778468,
    "duration": 41,
    "pid": 15540,
    "index": 24
  },
  {
    "name": "Require(21) node_modules/egg-session/app/extend/application.js",
    "start": 1588651778429,
    "end": 1588651778430,
    "duration": 1,
    "pid": 15540,
    "index": 25
  },
  {
    "name": "Require(22) node_modules/egg-security/app/extend/application.js",
    "start": 1588651778431,
    "end": 1588651778434,
    "duration": 3,
    "pid": 15540,
    "index": 26
  },
  {
    "name": "Require(23) node_modules/egg-jsonp/app/extend/application.js",
    "start": 1588651778435,
    "end": 1588651778439,
    "duration": 4,
    "pid": 15540,
    "index": 27
  },
  {
    "name": "Require(24) node_modules/egg-logrotator/app/extend/application.js",
    "start": 1588651778443,
    "end": 1588651778447,
    "duration": 4,
    "pid": 15540,
    "index": 28
  },
  {
    "name": "Require(25) node_modules/egg-view/app/extend/application.js",
    "start": 1588651778448,
    "end": 1588651778451,
    "duration": 3,
    "pid": 15540,
    "index": 29
  },
  {
    "name": "Load extend/request.js",
    "start": 1588651778469,
    "end": 1588651778496,
    "duration": 27,
    "pid": 15540,
    "index": 30
  },
  {
    "name": "Require(26) node_modules/egg/app/extend/request.js",
    "start": 1588651778484,
    "end": 1588651778486,
    "duration": 2,
    "pid": 15540,
    "index": 31
  },
  {
    "name": "Load extend/response.js",
    "start": 1588651778496,
    "end": 1588651778522,
    "duration": 26,
    "pid": 15540,
    "index": 32
  },
  {
    "name": "Require(27) node_modules/egg/app/extend/response.js",
    "start": 1588651778506,
    "end": 1588651778511,
    "duration": 5,
    "pid": 15540,
    "index": 33
  },
  {
    "name": "Load extend/context.js",
    "start": 1588651778523,
    "end": 1588651778678,
    "duration": 155,
    "pid": 15540,
    "index": 34
  },
  {
    "name": "Require(28) node_modules/egg-security/app/extend/context.js",
    "start": 1588651778524,
    "end": 1588651778549,
    "duration": 25,
    "pid": 15540,
    "index": 35
  },
  {
    "name": "Require(29) node_modules/egg-jsonp/app/extend/context.js",
    "start": 1588651778550,
    "end": 1588651778554,
    "duration": 4,
    "pid": 15540,
    "index": 36
  },
  {
    "name": "Require(30) node_modules/egg-i18n/app/extend/context.js",
    "start": 1588651778556,
    "end": 1588651778558,
    "duration": 2,
    "pid": 15540,
    "index": 37
  },
  {
    "name": "Require(31) node_modules/egg-multipart/app/extend/context.js",
    "start": 1588651778561,
    "end": 1588651778654,
    "duration": 93,
    "pid": 15540,
    "index": 38
  },
  {
    "name": "Require(32) node_modules/egg-view/app/extend/context.js",
    "start": 1588651778657,
    "end": 1588651778660,
    "duration": 3,
    "pid": 15540,
    "index": 39
  },
  {
    "name": "Require(33) node_modules/egg/app/extend/context.js",
    "start": 1588651778662,
    "end": 1588651778664,
    "duration": 2,
    "pid": 15540,
    "index": 40
  },
  {
    "name": "Load extend/helper.js",
    "start": 1588651778678,
    "end": 1588651778746,
    "duration": 68,
    "pid": 15540,
    "index": 41
  },
  {
    "name": "Require(34) node_modules/egg-security/app/extend/helper.js",
    "start": 1588651778681,
    "end": 1588651778721,
    "duration": 40,
    "pid": 15540,
    "index": 42
  },
  {
    "name": "Require(35) node_modules/egg/app/extend/helper.js",
    "start": 1588651778731,
    "end": 1588651778732,
    "duration": 1,
    "pid": 15540,
    "index": 43
  },
  {
    "name": "Load app.js",
    "start": 1588651778746,
    "end": 1588651778909,
    "duration": 163,
    "pid": 15540,
    "index": 44
  },
  {
    "name": "Require(36) node_modules/egg-session/app.js",
    "start": 1588651778750,
    "end": 1588651778756,
    "duration": 6,
    "pid": 15540,
    "index": 45
  },
  {
    "name": "Require(37) node_modules/egg-security/app.js",
    "start": 1588651778760,
    "end": 1588651778765,
    "duration": 5,
    "pid": 15540,
    "index": 46
  },
  {
    "name": "Require(38) node_modules/egg-onerror/app.js",
    "start": 1588651778767,
    "end": 1588651778787,
    "duration": 20,
    "pid": 15540,
    "index": 47
  },
  {
    "name": "Require(39) node_modules/egg-i18n/app.js",
    "start": 1588651778788,
    "end": 1588651778824,
    "duration": 36,
    "pid": 15540,
    "index": 48
  },
  {
    "name": "Require(40) node_modules/egg-watcher/app.js",
    "start": 1588651778825,
    "end": 1588651778835,
    "duration": 10,
    "pid": 15540,
    "index": 49
  },
  {
    "name": "Require(41) node_modules/egg-schedule/app.js",
    "start": 1588651778836,
    "end": 1588651778843,
    "duration": 7,
    "pid": 15540,
    "index": 50
  },
  {
    "name": "Require(42) node_modules/egg-multipart/app.js",
    "start": 1588651778844,
    "end": 1588651778850,
    "duration": 6,
    "pid": 15540,
    "index": 51
  },
  {
    "name": "Require(43) node_modules/egg-development/app.js",
    "start": 1588651778851,
    "end": 1588651778852,
    "duration": 1,
    "pid": 15540,
    "index": 52
  },
  {
    "name": "Require(44) node_modules/egg-logrotator/app.js",
    "start": 1588651778853,
    "end": 1588651778853,
    "duration": 0,
    "pid": 15540,
    "index": 53
  },
  {
    "name": "Require(45) node_modules/egg-static/app.js",
    "start": 1588651778854,
    "end": 1588651778855,
    "duration": 1,
    "pid": 15540,
    "index": 54
  },
  {
    "name": "Require(46) node_modules/egg-mysql/app.js",
    "start": 1588651778857,
    "end": 1588651778905,
    "duration": 48,
    "pid": 15540,
    "index": 55
  },
  {
    "name": "Require(47) node_modules/egg-cors/app.js",
    "start": 1588651778906,
    "end": 1588651778907,
    "duration": 1,
    "pid": 15540,
    "index": 56
  },
  {
    "name": "Before Start in node_modules/egg-watcher/lib/init.js:15:14",
    "start": 1588651778928,
    "end": 1588651779384,
    "duration": 456,
    "pid": 15540,
    "index": 57
  },
  {
    "name": "Before Start in node_modules/egg-mysql/lib/mysql.js:20:7",
    "start": 1588651779111,
    "end": 1588651779399,
    "duration": 288,
    "pid": 15540,
    "index": 58
  },
  {
    "name": "Load Service",
    "start": 1588651779112,
    "end": 1588651779123,
    "duration": 11,
    "pid": 15540,
    "index": 59
  },
  {
    "name": "Load \"service\" to Context",
    "start": 1588651779112,
    "end": 1588651779123,
    "duration": 11,
    "pid": 15540,
    "index": 60
  },
  {
    "name": "Load Middleware",
    "start": 1588651779123,
    "end": 1588651779325,
    "duration": 202,
    "pid": 15540,
    "index": 61
  },
  {
    "name": "Load \"middlewares\" to Application",
    "start": 1588651779123,
    "end": 1588651779306,
    "duration": 183,
    "pid": 15540,
    "index": 62
  },
  {
    "name": "Load Controller",
    "start": 1588651779325,
    "end": 1588651779338,
    "duration": 13,
    "pid": 15540,
    "index": 63
  },
  {
    "name": "Load \"controller\" to Application",
    "start": 1588651779325,
    "end": 1588651779338,
    "duration": 13,
    "pid": 15540,
    "index": 64
  },
  {
    "name": "Load Router",
    "start": 1588651779338,
    "end": 1588651779345,
    "duration": 7,
    "pid": 15540,
    "index": 65
  },
  {
    "name": "Require(48) app/router.js",
    "start": 1588651779339,
    "end": 1588651779340,
    "duration": 1,
    "pid": 15540,
    "index": 66
  },
  {
    "name": "Before Start in node_modules/egg-core/lib/egg.js:303:10",
    "start": 1588651779342,
    "end": 1588651779369,
    "duration": 27,
    "pid": 15540,
    "index": 67
  }
]