[
  {
    "name": "Application Start",
    "start": 1588653348833,
    "end": 1588653350099,
    "duration": 1266,
    "pid": 10632,
    "index": 0
  },
  {
    "name": "Load Plugin",
    "start": 1588653348843,
    "end": 1588653348915,
    "duration": 72,
    "pid": 10632,
    "index": 1
  },
  {
    "name": "Load Config",
    "start": 1588653348915,
    "end": 1588653349003,
    "duration": 88,
    "pid": 10632,
    "index": 2
  },
  {
    "name": "Require(0) config/config.default.js",
    "start": 1588653348917,
    "end": 1588653348918,
    "duration": 1,
    "pid": 10632,
    "index": 3
  },
  {
    "name": "Require(1) node_modules/egg-session/config/config.default.js",
    "start": 1588653348925,
    "end": 1588653348928,
    "duration": 3,
    "pid": 10632,
    "index": 4
  },
  {
    "name": "Require(2) node_modules/egg-security/config/config.default.js",
    "start": 1588653348932,
    "end": 1588653348933,
    "duration": 1,
    "pid": 10632,
    "index": 5
  },
  {
    "name": "Require(3) node_modules/egg-jsonp/config/config.default.js",
    "start": 1588653348935,
    "end": 1588653348936,
    "duration": 1,
    "pid": 10632,
    "index": 6
  },
  {
    "name": "Require(4) node_modules/egg-onerror/config/config.default.js",
    "start": 1588653348938,
    "end": 1588653348940,
    "duration": 2,
    "pid": 10632,
    "index": 7
  },
  {
    "name": "Require(5) node_modules/egg-i18n/config/config.default.js",
    "start": 1588653348942,
    "end": 1588653348943,
    "duration": 1,
    "pid": 10632,
    "index": 8
  },
  {
    "name": "Require(6) node_modules/egg-watcher/config/config.default.js",
    "start": 1588653348945,
    "end": 1588653348947,
    "duration": 2,
    "pid": 10632,
    "index": 9
  },
  {
    "name": "Require(7) node_modules/egg-schedule/config/config.default.js",
    "start": 1588653348949,
    "end": 1588653348950,
    "duration": 1,
    "pid": 10632,
    "index": 10
  },
  {
    "name": "Require(8) node_modules/egg-multipart/config/config.default.js",
    "start": 1588653348952,
    "end": 1588653348953,
    "duration": 1,
    "pid": 10632,
    "index": 11
  },
  {
    "name": "Require(9) node_modules/egg-development/config/config.default.js",
    "start": 1588653348955,
    "end": 1588653348958,
    "duration": 3,
    "pid": 10632,
    "index": 12
  },
  {
    "name": "Require(10) node_modules/egg-logrotator/config/config.default.js",
    "start": 1588653348960,
    "end": 1588653348962,
    "duration": 2,
    "pid": 10632,
    "index": 13
  },
  {
    "name": "Require(11) node_modules/egg-static/config/config.default.js",
    "start": 1588653348963,
    "end": 1588653348965,
    "duration": 2,
    "pid": 10632,
    "index": 14
  },
  {
    "name": "Require(12) node_modules/egg-view/config/config.default.js",
    "start": 1588653348966,
    "end": 1588653348968,
    "duration": 2,
    "pid": 10632,
    "index": 15
  },
  {
    "name": "Require(13) node_modules/egg-mysql/config/config.default.js",
    "start": 1588653348969,
    "end": 1588653348973,
    "duration": 4,
    "pid": 10632,
    "index": 16
  },
  {
    "name": "Require(14) node_modules/egg-cors/config/config.default.js",
    "start": 1588653348976,
    "end": 1588653348977,
    "duration": 1,
    "pid": 10632,
    "index": 17
  },
  {
    "name": "Require(15) node_modules/egg/config/config.default.js",
    "start": 1588653348978,
    "end": 1588653348980,
    "duration": 2,
    "pid": 10632,
    "index": 18
  },
  {
    "name": "Require(16) config/config.default.js",
    "start": 1588653348983,
    "end": 1588653348983,
    "duration": 0,
    "pid": 10632,
    "index": 19
  },
  {
    "name": "Require(17) node_modules/egg-security/config/config.local.js",
    "start": 1588653348985,
    "end": 1588653348986,
    "duration": 1,
    "pid": 10632,
    "index": 20
  },
  {
    "name": "Require(18) node_modules/egg-watcher/config/config.local.js",
    "start": 1588653348990,
    "end": 1588653348991,
    "duration": 1,
    "pid": 10632,
    "index": 21
  },
  {
    "name": "Require(19) node_modules/egg-view/config/config.local.js",
    "start": 1588653348998,
    "end": 1588653348998,
    "duration": 0,
    "pid": 10632,
    "index": 22
  },
  {
    "name": "Require(20) node_modules/egg/config/config.local.js",
    "start": 1588653349002,
    "end": 1588653349002,
    "duration": 0,
    "pid": 10632,
    "index": 23
  },
  {
    "name": "Load extend/application.js",
    "start": 1588653349004,
    "end": 1588653349051,
    "duration": 47,
    "pid": 10632,
    "index": 24
  },
  {
    "name": "Require(21) node_modules/egg-session/app/extend/application.js",
    "start": 1588653349006,
    "end": 1588653349009,
    "duration": 3,
    "pid": 10632,
    "index": 25
  },
  {
    "name": "Require(22) node_modules/egg-security/app/extend/application.js",
    "start": 1588653349011,
    "end": 1588653349016,
    "duration": 5,
    "pid": 10632,
    "index": 26
  },
  {
    "name": "Require(23) node_modules/egg-jsonp/app/extend/application.js",
    "start": 1588653349017,
    "end": 1588653349022,
    "duration": 5,
    "pid": 10632,
    "index": 27
  },
  {
    "name": "Require(24) node_modules/egg-logrotator/app/extend/application.js",
    "start": 1588653349030,
    "end": 1588653349033,
    "duration": 3,
    "pid": 10632,
    "index": 28
  },
  {
    "name": "Require(25) node_modules/egg-view/app/extend/application.js",
    "start": 1588653349035,
    "end": 1588653349039,
    "duration": 4,
    "pid": 10632,
    "index": 29
  },
  {
    "name": "Load extend/request.js",
    "start": 1588653349051,
    "end": 1588653349075,
    "duration": 24,
    "pid": 10632,
    "index": 30
  },
  {
    "name": "Require(26) node_modules/egg/app/extend/request.js",
    "start": 1588653349063,
    "end": 1588653349064,
    "duration": 1,
    "pid": 10632,
    "index": 31
  },
  {
    "name": "Load extend/response.js",
    "start": 1588653349075,
    "end": 1588653349102,
    "duration": 27,
    "pid": 10632,
    "index": 32
  },
  {
    "name": "Require(27) node_modules/egg/app/extend/response.js",
    "start": 1588653349085,
    "end": 1588653349089,
    "duration": 4,
    "pid": 10632,
    "index": 33
  },
  {
    "name": "Load extend/context.js",
    "start": 1588653349102,
    "end": 1588653349239,
    "duration": 137,
    "pid": 10632,
    "index": 34
  },
  {
    "name": "Require(28) node_modules/egg-security/app/extend/context.js",
    "start": 1588653349104,
    "end": 1588653349132,
    "duration": 28,
    "pid": 10632,
    "index": 35
  },
  {
    "name": "Require(29) node_modules/egg-jsonp/app/extend/context.js",
    "start": 1588653349133,
    "end": 1588653349136,
    "duration": 3,
    "pid": 10632,
    "index": 36
  },
  {
    "name": "Require(30) node_modules/egg-i18n/app/extend/context.js",
    "start": 1588653349138,
    "end": 1588653349139,
    "duration": 1,
    "pid": 10632,
    "index": 37
  },
  {
    "name": "Require(31) node_modules/egg-multipart/app/extend/context.js",
    "start": 1588653349142,
    "end": 1588653349222,
    "duration": 80,
    "pid": 10632,
    "index": 38
  },
  {
    "name": "Require(32) node_modules/egg-view/app/extend/context.js",
    "start": 1588653349224,
    "end": 1588653349227,
    "duration": 3,
    "pid": 10632,
    "index": 39
  },
  {
    "name": "Require(33) node_modules/egg/app/extend/context.js",
    "start": 1588653349229,
    "end": 1588653349230,
    "duration": 1,
    "pid": 10632,
    "index": 40
  },
  {
    "name": "Load extend/helper.js",
    "start": 1588653349240,
    "end": 1588653349300,
    "duration": 60,
    "pid": 10632,
    "index": 41
  },
  {
    "name": "Require(34) node_modules/egg-security/app/extend/helper.js",
    "start": 1588653349241,
    "end": 1588653349281,
    "duration": 40,
    "pid": 10632,
    "index": 42
  },
  {
    "name": "Require(35) node_modules/egg/app/extend/helper.js",
    "start": 1588653349289,
    "end": 1588653349290,
    "duration": 1,
    "pid": 10632,
    "index": 43
  },
  {
    "name": "Load app.js",
    "start": 1588653349300,
    "end": 1588653349451,
    "duration": 151,
    "pid": 10632,
    "index": 44
  },
  {
    "name": "Require(36) node_modules/egg-session/app.js",
    "start": 1588653349301,
    "end": 1588653349302,
    "duration": 1,
    "pid": 10632,
    "index": 45
  },
  {
    "name": "Require(37) node_modules/egg-security/app.js",
    "start": 1588653349303,
    "end": 1588653349305,
    "duration": 2,
    "pid": 10632,
    "index": 46
  },
  {
    "name": "Require(38) node_modules/egg-onerror/app.js",
    "start": 1588653349308,
    "end": 1588653349330,
    "duration": 22,
    "pid": 10632,
    "index": 47
  },
  {
    "name": "Require(39) node_modules/egg-i18n/app.js",
    "start": 1588653349331,
    "end": 1588653349369,
    "duration": 38,
    "pid": 10632,
    "index": 48
  },
  {
    "name": "Require(40) node_modules/egg-watcher/app.js",
    "start": 1588653349370,
    "end": 1588653349379,
    "duration": 9,
    "pid": 10632,
    "index": 49
  },
  {
    "name": "Require(41) node_modules/egg-schedule/app.js",
    "start": 1588653349380,
    "end": 1588653349386,
    "duration": 6,
    "pid": 10632,
    "index": 50
  },
  {
    "name": "Require(42) node_modules/egg-multipart/app.js",
    "start": 1588653349387,
    "end": 1588653349395,
    "duration": 8,
    "pid": 10632,
    "index": 51
  },
  {
    "name": "Require(43) node_modules/egg-development/app.js",
    "start": 1588653349396,
    "end": 1588653349396,
    "duration": 0,
    "pid": 10632,
    "index": 52
  },
  {
    "name": "Require(44) node_modules/egg-logrotator/app.js",
    "start": 1588653349397,
    "end": 1588653349398,
    "duration": 1,
    "pid": 10632,
    "index": 53
  },
  {
    "name": "Require(45) node_modules/egg-static/app.js",
    "start": 1588653349399,
    "end": 1588653349399,
    "duration": 0,
    "pid": 10632,
    "index": 54
  },
  {
    "name": "Require(46) node_modules/egg-mysql/app.js",
    "start": 1588653349401,
    "end": 1588653349445,
    "duration": 44,
    "pid": 10632,
    "index": 55
  },
  {
    "name": "Require(47) node_modules/egg-cors/app.js",
    "start": 1588653349446,
    "end": 1588653349447,
    "duration": 1,
    "pid": 10632,
    "index": 56
  },
  {
    "name": "Before Start in node_modules/egg-watcher/lib/init.js:15:14",
    "start": 1588653349476,
    "end": 1588653350081,
    "duration": 605,
    "pid": 10632,
    "index": 57
  },
  {
    "name": "Before Start in node_modules/egg-mysql/lib/mysql.js:20:7",
    "start": 1588653349654,
    "end": 1588653350098,
    "duration": 444,
    "pid": 10632,
    "index": 58
  },
  {
    "name": "Load Service",
    "start": 1588653349654,
    "end": 1588653349665,
    "duration": 11,
    "pid": 10632,
    "index": 59
  },
  {
    "name": "Load \"service\" to Context",
    "start": 1588653349654,
    "end": 1588653349665,
    "duration": 11,
    "pid": 10632,
    "index": 60
  },
  {
    "name": "Load Middleware",
    "start": 1588653349665,
    "end": 1588653349968,
    "duration": 303,
    "pid": 10632,
    "index": 61
  },
  {
    "name": "Load \"middlewares\" to Application",
    "start": 1588653349665,
    "end": 1588653349883,
    "duration": 218,
    "pid": 10632,
    "index": 62
  },
  {
    "name": "Load Controller",
    "start": 1588653349968,
    "end": 1588653350021,
    "duration": 53,
    "pid": 10632,
    "index": 63
  },
  {
    "name": "Load \"controller\" to Application",
    "start": 1588653349969,
    "end": 1588653350021,
    "duration": 52,
    "pid": 10632,
    "index": 64
  },
  {
    "name": "Load Router",
    "start": 1588653350021,
    "end": 1588653350034,
    "duration": 13,
    "pid": 10632,
    "index": 65
  },
  {
    "name": "Require(48) app/router.js",
    "start": 1588653350022,
    "end": 1588653350023,
    "duration": 1,
    "pid": 10632,
    "index": 66
  },
  {
    "name": "Before Start in node_modules/egg-core/lib/egg.js:303:10",
    "start": 1588653350028,
    "end": 1588653350065,
    "duration": 37,
    "pid": 10632,
    "index": 67
  }
]