[
  {
    "name": "Application Start",
    "start": 1588653669325,
    "end": 1588653670341,
    "duration": 1016,
    "pid": 11652,
    "index": 0
  },
  {
    "name": "Load Plugin",
    "start": 1588653669334,
    "end": 1588653669403,
    "duration": 69,
    "pid": 11652,
    "index": 1
  },
  {
    "name": "Load Config",
    "start": 1588653669403,
    "end": 1588653669464,
    "duration": 61,
    "pid": 11652,
    "index": 2
  },
  {
    "name": "Require(0) config/config.default.js",
    "start": 1588653669405,
    "end": 1588653669406,
    "duration": 1,
    "pid": 11652,
    "index": 3
  },
  {
    "name": "Require(1) node_modules/egg-session/config/config.default.js",
    "start": 1588653669408,
    "end": 1588653669410,
    "duration": 2,
    "pid": 11652,
    "index": 4
  },
  {
    "name": "Require(2) node_modules/egg-security/config/config.default.js",
    "start": 1588653669411,
    "end": 1588653669412,
    "duration": 1,
    "pid": 11652,
    "index": 5
  },
  {
    "name": "Require(3) node_modules/egg-jsonp/config/config.default.js",
    "start": 1588653669414,
    "end": 1588653669415,
    "duration": 1,
    "pid": 11652,
    "index": 6
  },
  {
    "name": "Require(4) node_modules/egg-onerror/config/config.default.js",
    "start": 1588653669416,
    "end": 1588653669417,
    "duration": 1,
    "pid": 11652,
    "index": 7
  },
  {
    "name": "Require(5) node_modules/egg-i18n/config/config.default.js",
    "start": 1588653669418,
    "end": 1588653669419,
    "duration": 1,
    "pid": 11652,
    "index": 8
  },
  {
    "name": "Require(6) node_modules/egg-watcher/config/config.default.js",
    "start": 1588653669421,
    "end": 1588653669422,
    "duration": 1,
    "pid": 11652,
    "index": 9
  },
  {
    "name": "Require(7) node_modules/egg-schedule/config/config.default.js",
    "start": 1588653669424,
    "end": 1588653669425,
    "duration": 1,
    "pid": 11652,
    "index": 10
  },
  {
    "name": "Require(8) node_modules/egg-multipart/config/config.default.js",
    "start": 1588653669428,
    "end": 1588653669429,
    "duration": 1,
    "pid": 11652,
    "index": 11
  },
  {
    "name": "Require(9) node_modules/egg-development/config/config.default.js",
    "start": 1588653669430,
    "end": 1588653669431,
    "duration": 1,
    "pid": 11652,
    "index": 12
  },
  {
    "name": "Require(10) node_modules/egg-logrotator/config/config.default.js",
    "start": 1588653669433,
    "end": 1588653669434,
    "duration": 1,
    "pid": 11652,
    "index": 13
  },
  {
    "name": "Require(11) node_modules/egg-static/config/config.default.js",
    "start": 1588653669435,
    "end": 1588653669436,
    "duration": 1,
    "pid": 11652,
    "index": 14
  },
  {
    "name": "Require(12) node_modules/egg-view/config/config.default.js",
    "start": 1588653669437,
    "end": 1588653669439,
    "duration": 2,
    "pid": 11652,
    "index": 15
  },
  {
    "name": "Require(13) node_modules/egg-mysql/config/config.default.js",
    "start": 1588653669440,
    "end": 1588653669441,
    "duration": 1,
    "pid": 11652,
    "index": 16
  },
  {
    "name": "Require(14) node_modules/egg-cors/config/config.default.js",
    "start": 1588653669443,
    "end": 1588653669444,
    "duration": 1,
    "pid": 11652,
    "index": 17
  },
  {
    "name": "Require(15) node_modules/egg/config/config.default.js",
    "start": 1588653669445,
    "end": 1588653669445,
    "duration": 0,
    "pid": 11652,
    "index": 18
  },
  {
    "name": "Require(16) config/config.default.js",
    "start": 1588653669450,
    "end": 1588653669450,
    "duration": 0,
    "pid": 11652,
    "index": 19
  },
  {
    "name": "Require(17) node_modules/egg-security/config/config.local.js",
    "start": 1588653669452,
    "end": 1588653669452,
    "duration": 0,
    "pid": 11652,
    "index": 20
  },
  {
    "name": "Require(18) node_modules/egg-watcher/config/config.local.js",
    "start": 1588653669456,
    "end": 1588653669457,
    "duration": 1,
    "pid": 11652,
    "index": 21
  },
  {
    "name": "Require(19) node_modules/egg-view/config/config.local.js",
    "start": 1588653669461,
    "end": 1588653669461,
    "duration": 0,
    "pid": 11652,
    "index": 22
  },
  {
    "name": "Require(20) node_modules/egg/config/config.local.js",
    "start": 1588653669464,
    "end": 1588653669464,
    "duration": 0,
    "pid": 11652,
    "index": 23
  },
  {
    "name": "Load extend/application.js",
    "start": 1588653669466,
    "end": 1588653669502,
    "duration": 36,
    "pid": 11652,
    "index": 24
  },
  {
    "name": "Require(21) node_modules/egg-session/app/extend/application.js",
    "start": 1588653669467,
    "end": 1588653669468,
    "duration": 1,
    "pid": 11652,
    "index": 25
  },
  {
    "name": "Require(22) node_modules/egg-security/app/extend/application.js",
    "start": 1588653669469,
    "end": 1588653669473,
    "duration": 4,
    "pid": 11652,
    "index": 26
  },
  {
    "name": "Require(23) node_modules/egg-jsonp/app/extend/application.js",
    "start": 1588653669474,
    "end": 1588653669477,
    "duration": 3,
    "pid": 11652,
    "index": 27
  },
  {
    "name": "Require(24) node_modules/egg-logrotator/app/extend/application.js",
    "start": 1588653669482,
    "end": 1588653669485,
    "duration": 3,
    "pid": 11652,
    "index": 28
  },
  {
    "name": "Require(25) node_modules/egg-view/app/extend/application.js",
    "start": 1588653669487,
    "end": 1588653669491,
    "duration": 4,
    "pid": 11652,
    "index": 29
  },
  {
    "name": "Load extend/request.js",
    "start": 1588653669502,
    "end": 1588653669522,
    "duration": 20,
    "pid": 11652,
    "index": 30
  },
  {
    "name": "Require(26) node_modules/egg/app/extend/request.js",
    "start": 1588653669512,
    "end": 1588653669513,
    "duration": 1,
    "pid": 11652,
    "index": 31
  },
  {
    "name": "Load extend/response.js",
    "start": 1588653669522,
    "end": 1588653669545,
    "duration": 23,
    "pid": 11652,
    "index": 32
  },
  {
    "name": "Require(27) node_modules/egg/app/extend/response.js",
    "start": 1588653669532,
    "end": 1588653669535,
    "duration": 3,
    "pid": 11652,
    "index": 33
  },
  {
    "name": "Load extend/context.js",
    "start": 1588653669545,
    "end": 1588653669672,
    "duration": 127,
    "pid": 11652,
    "index": 34
  },
  {
    "name": "Require(28) node_modules/egg-security/app/extend/context.js",
    "start": 1588653669547,
    "end": 1588653669571,
    "duration": 24,
    "pid": 11652,
    "index": 35
  },
  {
    "name": "Require(29) node_modules/egg-jsonp/app/extend/context.js",
    "start": 1588653669571,
    "end": 1588653669575,
    "duration": 4,
    "pid": 11652,
    "index": 36
  },
  {
    "name": "Require(30) node_modules/egg-i18n/app/extend/context.js",
    "start": 1588653669577,
    "end": 1588653669579,
    "duration": 2,
    "pid": 11652,
    "index": 37
  },
  {
    "name": "Require(31) node_modules/egg-multipart/app/extend/context.js",
    "start": 1588653669581,
    "end": 1588653669655,
    "duration": 74,
    "pid": 11652,
    "index": 38
  },
  {
    "name": "Require(32) node_modules/egg-view/app/extend/context.js",
    "start": 1588653669657,
    "end": 1588653669659,
    "duration": 2,
    "pid": 11652,
    "index": 39
  },
  {
    "name": "Require(33) node_modules/egg/app/extend/context.js",
    "start": 1588653669661,
    "end": 1588653669662,
    "duration": 1,
    "pid": 11652,
    "index": 40
  },
  {
    "name": "Load extend/helper.js",
    "start": 1588653669672,
    "end": 1588653669734,
    "duration": 62,
    "pid": 11652,
    "index": 41
  },
  {
    "name": "Require(34) node_modules/egg-security/app/extend/helper.js",
    "start": 1588653669673,
    "end": 1588653669714,
    "duration": 41,
    "pid": 11652,
    "index": 42
  },
  {
    "name": "Require(35) node_modules/egg/app/extend/helper.js",
    "start": 1588653669722,
    "end": 1588653669722,
    "duration": 0,
    "pid": 11652,
    "index": 43
  },
  {
    "name": "Load app.js",
    "start": 1588653669734,
    "end": 1588653669877,
    "duration": 143,
    "pid": 11652,
    "index": 44
  },
  {
    "name": "Require(36) node_modules/egg-session/app.js",
    "start": 1588653669735,
    "end": 1588653669736,
    "duration": 1,
    "pid": 11652,
    "index": 45
  },
  {
    "name": "Require(37) node_modules/egg-security/app.js",
    "start": 1588653669737,
    "end": 1588653669743,
    "duration": 6,
    "pid": 11652,
    "index": 46
  },
  {
    "name": "Require(38) node_modules/egg-onerror/app.js",
    "start": 1588653669746,
    "end": 1588653669767,
    "duration": 21,
    "pid": 11652,
    "index": 47
  },
  {
    "name": "Require(39) node_modules/egg-i18n/app.js",
    "start": 1588653669768,
    "end": 1588653669802,
    "duration": 34,
    "pid": 11652,
    "index": 48
  },
  {
    "name": "Require(40) node_modules/egg-watcher/app.js",
    "start": 1588653669802,
    "end": 1588653669811,
    "duration": 9,
    "pid": 11652,
    "index": 49
  },
  {
    "name": "Require(41) node_modules/egg-schedule/app.js",
    "start": 1588653669812,
    "end": 1588653669818,
    "duration": 6,
    "pid": 11652,
    "index": 50
  },
  {
    "name": "Require(42) node_modules/egg-multipart/app.js",
    "start": 1588653669819,
    "end": 1588653669825,
    "duration": 6,
    "pid": 11652,
    "index": 51
  },
  {
    "name": "Require(43) node_modules/egg-development/app.js",
    "start": 1588653669826,
    "end": 1588653669827,
    "duration": 1,
    "pid": 11652,
    "index": 52
  },
  {
    "name": "Require(44) node_modules/egg-logrotator/app.js",
    "start": 1588653669827,
    "end": 1588653669828,
    "duration": 1,
    "pid": 11652,
    "index": 53
  },
  {
    "name": "Require(45) node_modules/egg-static/app.js",
    "start": 1588653669829,
    "end": 1588653669829,
    "duration": 0,
    "pid": 11652,
    "index": 54
  },
  {
    "name": "Require(46) node_modules/egg-mysql/app.js",
    "start": 1588653669832,
    "end": 1588653669873,
    "duration": 41,
    "pid": 11652,
    "index": 55
  },
  {
    "name": "Require(47) node_modules/egg-cors/app.js",
    "start": 1588653669874,
    "end": 1588653669874,
    "duration": 0,
    "pid": 11652,
    "index": 56
  },
  {
    "name": "Before Start in node_modules/egg-watcher/lib/init.js:15:14",
    "start": 1588653669898,
    "end": 1588653670319,
    "duration": 421,
    "pid": 11652,
    "index": 57
  },
  {
    "name": "Before Start in node_modules/egg-mysql/lib/mysql.js:20:7",
    "start": 1588653670071,
    "end": 1588653670340,
    "duration": 269,
    "pid": 11652,
    "index": 58
  },
  {
    "name": "Load Service",
    "start": 1588653670072,
    "end": 1588653670082,
    "duration": 10,
    "pid": 11652,
    "index": 59
  },
  {
    "name": "Load \"service\" to Context",
    "start": 1588653670072,
    "end": 1588653670082,
    "duration": 10,
    "pid": 11652,
    "index": 60
  },
  {
    "name": "Load Middleware",
    "start": 1588653670082,
    "end": 1588653670265,
    "duration": 183,
    "pid": 11652,
    "index": 61
  },
  {
    "name": "Load \"middlewares\" to Application",
    "start": 1588653670082,
    "end": 1588653670247,
    "duration": 165,
    "pid": 11652,
    "index": 62
  },
  {
    "name": "Load Controller",
    "start": 1588653670265,
    "end": 1588653670276,
    "duration": 11,
    "pid": 11652,
    "index": 63
  },
  {
    "name": "Load \"controller\" to Application",
    "start": 1588653670265,
    "end": 1588653670276,
    "duration": 11,
    "pid": 11652,
    "index": 64
  },
  {
    "name": "Load Router",
    "start": 1588653670276,
    "end": 1588653670282,
    "duration": 6,
    "pid": 11652,
    "index": 65
  },
  {
    "name": "Require(48) app/router.js",
    "start": 1588653670277,
    "end": 1588653670277,
    "duration": 0,
    "pid": 11652,
    "index": 66
  },
  {
    "name": "Before Start in node_modules/egg-core/lib/egg.js:303:10",
    "start": 1588653670279,
    "end": 1588653670304,
    "duration": 25,
    "pid": 11652,
    "index": 67
  }
]