[
  {
    "name": "Application Start",
    "start": 1588646764849,
    "end": 1588646767991,
    "duration": 3142,
    "pid": 11856,
    "index": 0
  },
  {
    "name": "Load Plugin",
    "start": 1588646764862,
    "end": 1588646764945,
    "duration": 83,
    "pid": 11856,
    "index": 1
  },
  {
    "name": "Load Config",
    "start": 1588646764945,
    "end": 1588646765014,
    "duration": 69,
    "pid": 11856,
    "index": 2
  },
  {
    "name": "Require(0) config/config.default.js",
    "start": 1588646764947,
    "end": 1588646764947,
    "duration": 0,
    "pid": 11856,
    "index": 3
  },
  {
    "name": "Require(1) node_modules/egg-session/config/config.default.js",
    "start": 1588646764950,
    "end": 1588646764951,
    "duration": 1,
    "pid": 11856,
    "index": 4
  },
  {
    "name": "Require(2) node_modules/egg-security/config/config.default.js",
    "start": 1588646764952,
    "end": 1588646764954,
    "duration": 2,
    "pid": 11856,
    "index": 5
  },
  {
    "name": "Require(3) node_modules/egg-jsonp/config/config.default.js",
    "start": 1588646764955,
    "end": 1588646764956,
    "duration": 1,
    "pid": 11856,
    "index": 6
  },
  {
    "name": "Require(4) node_modules/egg-onerror/config/config.default.js",
    "start": 1588646764957,
    "end": 1588646764961,
    "duration": 4,
    "pid": 11856,
    "index": 7
  },
  {
    "name": "Require(5) node_modules/egg-i18n/config/config.default.js",
    "start": 1588646764963,
    "end": 1588646764964,
    "duration": 1,
    "pid": 11856,
    "index": 8
  },
  {
    "name": "Require(6) node_modules/egg-watcher/config/config.default.js",
    "start": 1588646764966,
    "end": 1588646764968,
    "duration": 2,
    "pid": 11856,
    "index": 9
  },
  {
    "name": "Require(7) node_modules/egg-schedule/config/config.default.js",
    "start": 1588646764969,
    "end": 1588646764970,
    "duration": 1,
    "pid": 11856,
    "index": 10
  },
  {
    "name": "Require(8) node_modules/egg-multipart/config/config.default.js",
    "start": 1588646764971,
    "end": 1588646764972,
    "duration": 1,
    "pid": 11856,
    "index": 11
  },
  {
    "name": "Require(9) node_modules/egg-development/config/config.default.js",
    "start": 1588646764974,
    "end": 1588646764976,
    "duration": 2,
    "pid": 11856,
    "index": 12
  },
  {
    "name": "Require(10) node_modules/egg-logrotator/config/config.default.js",
    "start": 1588646764978,
    "end": 1588646764980,
    "duration": 2,
    "pid": 11856,
    "index": 13
  },
  {
    "name": "Require(11) node_modules/egg-static/config/config.default.js",
    "start": 1588646764981,
    "end": 1588646764982,
    "duration": 1,
    "pid": 11856,
    "index": 14
  },
  {
    "name": "Require(12) node_modules/egg-view/config/config.default.js",
    "start": 1588646764983,
    "end": 1588646764984,
    "duration": 1,
    "pid": 11856,
    "index": 15
  },
  {
    "name": "Require(13) node_modules/egg-mysql/config/config.default.js",
    "start": 1588646764985,
    "end": 1588646764987,
    "duration": 2,
    "pid": 11856,
    "index": 16
  },
  {
    "name": "Require(14) node_modules/egg-cors/config/config.default.js",
    "start": 1588646764988,
    "end": 1588646764992,
    "duration": 4,
    "pid": 11856,
    "index": 17
  },
  {
    "name": "Require(15) node_modules/egg/config/config.default.js",
    "start": 1588646764994,
    "end": 1588646764995,
    "duration": 1,
    "pid": 11856,
    "index": 18
  },
  {
    "name": "Require(16) config/config.default.js",
    "start": 1588646764998,
    "end": 1588646764998,
    "duration": 0,
    "pid": 11856,
    "index": 19
  },
  {
    "name": "Require(17) node_modules/egg-security/config/config.local.js",
    "start": 1588646765000,
    "end": 1588646765000,
    "duration": 0,
    "pid": 11856,
    "index": 20
  },
  {
    "name": "Require(18) node_modules/egg-watcher/config/config.local.js",
    "start": 1588646765003,
    "end": 1588646765004,
    "duration": 1,
    "pid": 11856,
    "index": 21
  },
  {
    "name": "Require(19) node_modules/egg-view/config/config.local.js",
    "start": 1588646765010,
    "end": 1588646765011,
    "duration": 1,
    "pid": 11856,
    "index": 22
  },
  {
    "name": "Require(20) node_modules/egg/config/config.local.js",
    "start": 1588646765013,
    "end": 1588646765014,
    "duration": 1,
    "pid": 11856,
    "index": 23
  },
  {
    "name": "Load extend/application.js",
    "start": 1588646765015,
    "end": 1588646765062,
    "duration": 47,
    "pid": 11856,
    "index": 24
  },
  {
    "name": "Require(21) node_modules/egg-session/app/extend/application.js",
    "start": 1588646765016,
    "end": 1588646765017,
    "duration": 1,
    "pid": 11856,
    "index": 25
  },
  {
    "name": "Require(22) node_modules/egg-security/app/extend/application.js",
    "start": 1588646765019,
    "end": 1588646765023,
    "duration": 4,
    "pid": 11856,
    "index": 26
  },
  {
    "name": "Require(23) node_modules/egg-jsonp/app/extend/application.js",
    "start": 1588646765024,
    "end": 1588646765030,
    "duration": 6,
    "pid": 11856,
    "index": 27
  },
  {
    "name": "Require(24) node_modules/egg-logrotator/app/extend/application.js",
    "start": 1588646765035,
    "end": 1588646765040,
    "duration": 5,
    "pid": 11856,
    "index": 28
  },
  {
    "name": "Require(25) node_modules/egg-view/app/extend/application.js",
    "start": 1588646765042,
    "end": 1588646765048,
    "duration": 6,
    "pid": 11856,
    "index": 29
  },
  {
    "name": "Load extend/request.js",
    "start": 1588646765062,
    "end": 1588646765159,
    "duration": 97,
    "pid": 11856,
    "index": 30
  },
  {
    "name": "Require(26) node_modules/egg/app/extend/request.js",
    "start": 1588646765077,
    "end": 1588646765079,
    "duration": 2,
    "pid": 11856,
    "index": 31
  },
  {
    "name": "Load extend/response.js",
    "start": 1588646765159,
    "end": 1588646765250,
    "duration": 91,
    "pid": 11856,
    "index": 32
  },
  {
    "name": "Require(27) node_modules/egg/app/extend/response.js",
    "start": 1588646765222,
    "end": 1588646765228,
    "duration": 6,
    "pid": 11856,
    "index": 33
  },
  {
    "name": "Load extend/context.js",
    "start": 1588646765250,
    "end": 1588646765488,
    "duration": 238,
    "pid": 11856,
    "index": 34
  },
  {
    "name": "Require(28) node_modules/egg-security/app/extend/context.js",
    "start": 1588646765253,
    "end": 1588646765301,
    "duration": 48,
    "pid": 11856,
    "index": 35
  },
  {
    "name": "Require(29) node_modules/egg-jsonp/app/extend/context.js",
    "start": 1588646765302,
    "end": 1588646765307,
    "duration": 5,
    "pid": 11856,
    "index": 36
  },
  {
    "name": "Require(30) node_modules/egg-i18n/app/extend/context.js",
    "start": 1588646765313,
    "end": 1588646765316,
    "duration": 3,
    "pid": 11856,
    "index": 37
  },
  {
    "name": "Require(31) node_modules/egg-multipart/app/extend/context.js",
    "start": 1588646765322,
    "end": 1588646765460,
    "duration": 138,
    "pid": 11856,
    "index": 38
  },
  {
    "name": "Require(32) node_modules/egg-view/app/extend/context.js",
    "start": 1588646765463,
    "end": 1588646765466,
    "duration": 3,
    "pid": 11856,
    "index": 39
  },
  {
    "name": "Require(33) node_modules/egg/app/extend/context.js",
    "start": 1588646765468,
    "end": 1588646765470,
    "duration": 2,
    "pid": 11856,
    "index": 40
  },
  {
    "name": "Load extend/helper.js",
    "start": 1588646765488,
    "end": 1588646765595,
    "duration": 107,
    "pid": 11856,
    "index": 41
  },
  {
    "name": "Require(34) node_modules/egg-security/app/extend/helper.js",
    "start": 1588646765490,
    "end": 1588646765559,
    "duration": 69,
    "pid": 11856,
    "index": 42
  },
  {
    "name": "Require(35) node_modules/egg/app/extend/helper.js",
    "start": 1588646765572,
    "end": 1588646765573,
    "duration": 1,
    "pid": 11856,
    "index": 43
  },
  {
    "name": "Load app.js",
    "start": 1588646765595,
    "end": 1588646765856,
    "duration": 261,
    "pid": 11856,
    "index": 44
  },
  {
    "name": "Require(36) node_modules/egg-session/app.js",
    "start": 1588646765596,
    "end": 1588646765597,
    "duration": 1,
    "pid": 11856,
    "index": 45
  },
  {
    "name": "Require(37) node_modules/egg-security/app.js",
    "start": 1588646765599,
    "end": 1588646765607,
    "duration": 8,
    "pid": 11856,
    "index": 46
  },
  {
    "name": "Require(38) node_modules/egg-onerror/app.js",
    "start": 1588646765611,
    "end": 1588646765651,
    "duration": 40,
    "pid": 11856,
    "index": 47
  },
  {
    "name": "Require(39) node_modules/egg-i18n/app.js",
    "start": 1588646765653,
    "end": 1588646765709,
    "duration": 56,
    "pid": 11856,
    "index": 48
  },
  {
    "name": "Require(40) node_modules/egg-watcher/app.js",
    "start": 1588646765710,
    "end": 1588646765723,
    "duration": 13,
    "pid": 11856,
    "index": 49
  },
  {
    "name": "Require(41) node_modules/egg-schedule/app.js",
    "start": 1588646765724,
    "end": 1588646765732,
    "duration": 8,
    "pid": 11856,
    "index": 50
  },
  {
    "name": "Require(42) node_modules/egg-multipart/app.js",
    "start": 1588646765733,
    "end": 1588646765749,
    "duration": 16,
    "pid": 11856,
    "index": 51
  },
  {
    "name": "Require(43) node_modules/egg-development/app.js",
    "start": 1588646765751,
    "end": 1588646765751,
    "duration": 0,
    "pid": 11856,
    "index": 52
  },
  {
    "name": "Require(44) node_modules/egg-logrotator/app.js",
    "start": 1588646765753,
    "end": 1588646765754,
    "duration": 1,
    "pid": 11856,
    "index": 53
  },
  {
    "name": "Require(45) node_modules/egg-static/app.js",
    "start": 1588646765763,
    "end": 1588646765764,
    "duration": 1,
    "pid": 11856,
    "index": 54
  },
  {
    "name": "Require(46) node_modules/egg-mysql/app.js",
    "start": 1588646765767,
    "end": 1588646765850,
    "duration": 83,
    "pid": 11856,
    "index": 55
  },
  {
    "name": "Require(47) node_modules/egg-cors/app.js",
    "start": 1588646765851,
    "end": 1588646765852,
    "duration": 1,
    "pid": 11856,
    "index": 56
  },
  {
    "name": "Before Start in node_modules/egg-watcher/lib/init.js:15:14",
    "start": 1588646765891,
    "end": 1588646766968,
    "duration": 1077,
    "pid": 11856,
    "index": 57
  },
  {
    "name": "Before Start in node_modules/egg-mysql/lib/mysql.js:20:7",
    "start": 1588646766187,
    "end": 1588646767991,
    "duration": 1804,
    "pid": 11856,
    "index": 58
  },
  {
    "name": "Load Service",
    "start": 1588646766188,
    "end": 1588646766235,
    "duration": 47,
    "pid": 11856,
    "index": 59
  },
  {
    "name": "Load \"service\" to Context",
    "start": 1588646766189,
    "end": 1588646766235,
    "duration": 46,
    "pid": 11856,
    "index": 60
  },
  {
    "name": "Load Middleware",
    "start": 1588646766235,
    "end": 1588646766822,
    "duration": 587,
    "pid": 11856,
    "index": 61
  },
  {
    "name": "Load \"middlewares\" to Application",
    "start": 1588646766236,
    "end": 1588646766788,
    "duration": 552,
    "pid": 11856,
    "index": 62
  },
  {
    "name": "Load Controller",
    "start": 1588646766822,
    "end": 1588646766847,
    "duration": 25,
    "pid": 11856,
    "index": 63
  },
  {
    "name": "Load \"controller\" to Application",
    "start": 1588646766822,
    "end": 1588646766847,
    "duration": 25,
    "pid": 11856,
    "index": 64
  },
  {
    "name": "Load Router",
    "start": 1588646766847,
    "end": 1588646766883,
    "duration": 36,
    "pid": 11856,
    "index": 65
  },
  {
    "name": "Require(48) app/router.js",
    "start": 1588646766848,
    "end": 1588646766849,
    "duration": 1,
    "pid": 11856,
    "index": 66
  },
  {
    "name": "Before Start in node_modules/egg-core/lib/egg.js:303:10",
    "start": 1588646766852,
    "end": 1588646766912,
    "duration": 60,
    "pid": 11856,
    "index": 67
  }
]