[
  {
    "name": "Application Start",
    "start": 1588656084712,
    "end": 1588656086705,
    "duration": 1993,
    "pid": 12328,
    "index": 0
  },
  {
    "name": "Load Plugin",
    "start": 1588656084722,
    "end": 1588656084906,
    "duration": 184,
    "pid": 12328,
    "index": 1
  },
  {
    "name": "Load Config",
    "start": 1588656084906,
    "end": 1588656084977,
    "duration": 71,
    "pid": 12328,
    "index": 2
  },
  {
    "name": "Require(0) config/config.default.js",
    "start": 1588656084908,
    "end": 1588656084909,
    "duration": 1,
    "pid": 12328,
    "index": 3
  },
  {
    "name": "Require(1) node_modules/egg-session/config/config.default.js",
    "start": 1588656084913,
    "end": 1588656084919,
    "duration": 6,
    "pid": 12328,
    "index": 4
  },
  {
    "name": "Require(2) node_modules/egg-security/config/config.default.js",
    "start": 1588656084920,
    "end": 1588656084921,
    "duration": 1,
    "pid": 12328,
    "index": 5
  },
  {
    "name": "Require(3) node_modules/egg-jsonp/config/config.default.js",
    "start": 1588656084923,
    "end": 1588656084924,
    "duration": 1,
    "pid": 12328,
    "index": 6
  },
  {
    "name": "Require(4) node_modules/egg-onerror/config/config.default.js",
    "start": 1588656084925,
    "end": 1588656084927,
    "duration": 2,
    "pid": 12328,
    "index": 7
  },
  {
    "name": "Require(5) node_modules/egg-i18n/config/config.default.js",
    "start": 1588656084928,
    "end": 1588656084929,
    "duration": 1,
    "pid": 12328,
    "index": 8
  },
  {
    "name": "Require(6) node_modules/egg-watcher/config/config.default.js",
    "start": 1588656084933,
    "end": 1588656084935,
    "duration": 2,
    "pid": 12328,
    "index": 9
  },
  {
    "name": "Require(7) node_modules/egg-schedule/config/config.default.js",
    "start": 1588656084937,
    "end": 1588656084938,
    "duration": 1,
    "pid": 12328,
    "index": 10
  },
  {
    "name": "Require(8) node_modules/egg-multipart/config/config.default.js",
    "start": 1588656084939,
    "end": 1588656084941,
    "duration": 2,
    "pid": 12328,
    "index": 11
  },
  {
    "name": "Require(9) node_modules/egg-development/config/config.default.js",
    "start": 1588656084942,
    "end": 1588656084943,
    "duration": 1,
    "pid": 12328,
    "index": 12
  },
  {
    "name": "Require(10) node_modules/egg-logrotator/config/config.default.js",
    "start": 1588656084944,
    "end": 1588656084945,
    "duration": 1,
    "pid": 12328,
    "index": 13
  },
  {
    "name": "Require(11) node_modules/egg-static/config/config.default.js",
    "start": 1588656084950,
    "end": 1588656084952,
    "duration": 2,
    "pid": 12328,
    "index": 14
  },
  {
    "name": "Require(12) node_modules/egg-view/config/config.default.js",
    "start": 1588656084953,
    "end": 1588656084954,
    "duration": 1,
    "pid": 12328,
    "index": 15
  },
  {
    "name": "Require(13) node_modules/egg-mysql/config/config.default.js",
    "start": 1588656084955,
    "end": 1588656084957,
    "duration": 2,
    "pid": 12328,
    "index": 16
  },
  {
    "name": "Require(14) node_modules/egg-cors/config/config.default.js",
    "start": 1588656084958,
    "end": 1588656084959,
    "duration": 1,
    "pid": 12328,
    "index": 17
  },
  {
    "name": "Require(15) node_modules/egg/config/config.default.js",
    "start": 1588656084960,
    "end": 1588656084960,
    "duration": 0,
    "pid": 12328,
    "index": 18
  },
  {
    "name": "Require(16) config/config.default.js",
    "start": 1588656084962,
    "end": 1588656084962,
    "duration": 0,
    "pid": 12328,
    "index": 19
  },
  {
    "name": "Require(17) node_modules/egg-security/config/config.local.js",
    "start": 1588656084965,
    "end": 1588656084966,
    "duration": 1,
    "pid": 12328,
    "index": 20
  },
  {
    "name": "Require(18) node_modules/egg-watcher/config/config.local.js",
    "start": 1588656084969,
    "end": 1588656084969,
    "duration": 0,
    "pid": 12328,
    "index": 21
  },
  {
    "name": "Require(19) node_modules/egg-view/config/config.local.js",
    "start": 1588656084974,
    "end": 1588656084974,
    "duration": 0,
    "pid": 12328,
    "index": 22
  },
  {
    "name": "Require(20) node_modules/egg/config/config.local.js",
    "start": 1588656084976,
    "end": 1588656084977,
    "duration": 1,
    "pid": 12328,
    "index": 23
  },
  {
    "name": "Load extend/application.js",
    "start": 1588656084978,
    "end": 1588656085030,
    "duration": 52,
    "pid": 12328,
    "index": 24
  },
  {
    "name": "Require(21) node_modules/egg-session/app/extend/application.js",
    "start": 1588656084981,
    "end": 1588656084983,
    "duration": 2,
    "pid": 12328,
    "index": 25
  },
  {
    "name": "Require(22) node_modules/egg-security/app/extend/application.js",
    "start": 1588656084984,
    "end": 1588656084988,
    "duration": 4,
    "pid": 12328,
    "index": 26
  },
  {
    "name": "Require(23) node_modules/egg-jsonp/app/extend/application.js",
    "start": 1588656084989,
    "end": 1588656084994,
    "duration": 5,
    "pid": 12328,
    "index": 27
  },
  {
    "name": "Require(24) node_modules/egg-logrotator/app/extend/application.js",
    "start": 1588656085002,
    "end": 1588656085007,
    "duration": 5,
    "pid": 12328,
    "index": 28
  },
  {
    "name": "Require(25) node_modules/egg-view/app/extend/application.js",
    "start": 1588656085008,
    "end": 1588656085014,
    "duration": 6,
    "pid": 12328,
    "index": 29
  },
  {
    "name": "Load extend/request.js",
    "start": 1588656085030,
    "end": 1588656085054,
    "duration": 24,
    "pid": 12328,
    "index": 30
  },
  {
    "name": "Require(26) node_modules/egg/app/extend/request.js",
    "start": 1588656085041,
    "end": 1588656085042,
    "duration": 1,
    "pid": 12328,
    "index": 31
  },
  {
    "name": "Load extend/response.js",
    "start": 1588656085054,
    "end": 1588656085079,
    "duration": 25,
    "pid": 12328,
    "index": 32
  },
  {
    "name": "Require(27) node_modules/egg/app/extend/response.js",
    "start": 1588656085066,
    "end": 1588656085069,
    "duration": 3,
    "pid": 12328,
    "index": 33
  },
  {
    "name": "Load extend/context.js",
    "start": 1588656085079,
    "end": 1588656085373,
    "duration": 294,
    "pid": 12328,
    "index": 34
  },
  {
    "name": "Require(28) node_modules/egg-security/app/extend/context.js",
    "start": 1588656085082,
    "end": 1588656085109,
    "duration": 27,
    "pid": 12328,
    "index": 35
  },
  {
    "name": "Require(29) node_modules/egg-jsonp/app/extend/context.js",
    "start": 1588656085110,
    "end": 1588656085113,
    "duration": 3,
    "pid": 12328,
    "index": 36
  },
  {
    "name": "Require(30) node_modules/egg-i18n/app/extend/context.js",
    "start": 1588656085115,
    "end": 1588656085117,
    "duration": 2,
    "pid": 12328,
    "index": 37
  },
  {
    "name": "Require(31) node_modules/egg-multipart/app/extend/context.js",
    "start": 1588656085119,
    "end": 1588656085329,
    "duration": 210,
    "pid": 12328,
    "index": 38
  },
  {
    "name": "Require(32) node_modules/egg-view/app/extend/context.js",
    "start": 1588656085337,
    "end": 1588656085345,
    "duration": 8,
    "pid": 12328,
    "index": 39
  },
  {
    "name": "Require(33) node_modules/egg/app/extend/context.js",
    "start": 1588656085354,
    "end": 1588656085355,
    "duration": 1,
    "pid": 12328,
    "index": 40
  },
  {
    "name": "Load extend/helper.js",
    "start": 1588656085373,
    "end": 1588656085478,
    "duration": 105,
    "pid": 12328,
    "index": 41
  },
  {
    "name": "Require(34) node_modules/egg-security/app/extend/helper.js",
    "start": 1588656085377,
    "end": 1588656085445,
    "duration": 68,
    "pid": 12328,
    "index": 42
  },
  {
    "name": "Require(35) node_modules/egg/app/extend/helper.js",
    "start": 1588656085458,
    "end": 1588656085459,
    "duration": 1,
    "pid": 12328,
    "index": 43
  },
  {
    "name": "Load app.js",
    "start": 1588656085478,
    "end": 1588656085686,
    "duration": 208,
    "pid": 12328,
    "index": 44
  },
  {
    "name": "Require(36) node_modules/egg-session/app.js",
    "start": 1588656085484,
    "end": 1588656085486,
    "duration": 2,
    "pid": 12328,
    "index": 45
  },
  {
    "name": "Require(37) node_modules/egg-security/app.js",
    "start": 1588656085488,
    "end": 1588656085491,
    "duration": 3,
    "pid": 12328,
    "index": 46
  },
  {
    "name": "Require(38) node_modules/egg-onerror/app.js",
    "start": 1588656085494,
    "end": 1588656085524,
    "duration": 30,
    "pid": 12328,
    "index": 47
  },
  {
    "name": "Require(39) node_modules/egg-i18n/app.js",
    "start": 1588656085525,
    "end": 1588656085570,
    "duration": 45,
    "pid": 12328,
    "index": 48
  },
  {
    "name": "Require(40) node_modules/egg-watcher/app.js",
    "start": 1588656085571,
    "end": 1588656085589,
    "duration": 18,
    "pid": 12328,
    "index": 49
  },
  {
    "name": "Require(41) node_modules/egg-schedule/app.js",
    "start": 1588656085590,
    "end": 1588656085595,
    "duration": 5,
    "pid": 12328,
    "index": 50
  },
  {
    "name": "Require(42) node_modules/egg-multipart/app.js",
    "start": 1588656085596,
    "end": 1588656085603,
    "duration": 7,
    "pid": 12328,
    "index": 51
  },
  {
    "name": "Require(43) node_modules/egg-development/app.js",
    "start": 1588656085605,
    "end": 1588656085605,
    "duration": 0,
    "pid": 12328,
    "index": 52
  },
  {
    "name": "Require(44) node_modules/egg-logrotator/app.js",
    "start": 1588656085606,
    "end": 1588656085607,
    "duration": 1,
    "pid": 12328,
    "index": 53
  },
  {
    "name": "Require(45) node_modules/egg-static/app.js",
    "start": 1588656085607,
    "end": 1588656085608,
    "duration": 1,
    "pid": 12328,
    "index": 54
  },
  {
    "name": "Require(46) node_modules/egg-mysql/app.js",
    "start": 1588656085612,
    "end": 1588656085679,
    "duration": 67,
    "pid": 12328,
    "index": 55
  },
  {
    "name": "Require(47) node_modules/egg-cors/app.js",
    "start": 1588656085681,
    "end": 1588656085682,
    "duration": 1,
    "pid": 12328,
    "index": 56
  },
  {
    "name": "Before Start in node_modules/egg-watcher/lib/init.js:15:14",
    "start": 1588656085713,
    "end": 1588656086678,
    "duration": 965,
    "pid": 12328,
    "index": 57
  },
  {
    "name": "Before Start in node_modules/egg-mysql/lib/mysql.js:20:7",
    "start": 1588656086120,
    "end": 1588656086703,
    "duration": 583,
    "pid": 12328,
    "index": 58
  },
  {
    "name": "Load Service",
    "start": 1588656086121,
    "end": 1588656086157,
    "duration": 36,
    "pid": 12328,
    "index": 59
  },
  {
    "name": "Load \"service\" to Context",
    "start": 1588656086121,
    "end": 1588656086157,
    "duration": 36,
    "pid": 12328,
    "index": 60
  },
  {
    "name": "Load Middleware",
    "start": 1588656086157,
    "end": 1588656086533,
    "duration": 376,
    "pid": 12328,
    "index": 61
  },
  {
    "name": "Load \"middlewares\" to Application",
    "start": 1588656086157,
    "end": 1588656086472,
    "duration": 315,
    "pid": 12328,
    "index": 62
  },
  {
    "name": "Load Controller",
    "start": 1588656086533,
    "end": 1588656086560,
    "duration": 27,
    "pid": 12328,
    "index": 63
  },
  {
    "name": "Load \"controller\" to Application",
    "start": 1588656086533,
    "end": 1588656086560,
    "duration": 27,
    "pid": 12328,
    "index": 64
  },
  {
    "name": "Load Router",
    "start": 1588656086560,
    "end": 1588656086592,
    "duration": 32,
    "pid": 12328,
    "index": 65
  },
  {
    "name": "Require(48) app/router.js",
    "start": 1588656086561,
    "end": 1588656086564,
    "duration": 3,
    "pid": 12328,
    "index": 66
  },
  {
    "name": "Before Start in node_modules/egg-core/lib/egg.js:303:10",
    "start": 1588656086569,
    "end": 1588656086641,
    "duration": 72,
    "pid": 12328,
    "index": 67
  }
]