[
  {
    "name": "Application Start",
    "start": 1588651309697,
    "end": 1588651311801,
    "duration": 2104,
    "pid": 8812,
    "index": 0
  },
  {
    "name": "Load Plugin",
    "start": 1588651309712,
    "end": 1588651309816,
    "duration": 104,
    "pid": 8812,
    "index": 1
  },
  {
    "name": "Load Config",
    "start": 1588651309816,
    "end": 1588651309891,
    "duration": 75,
    "pid": 8812,
    "index": 2
  },
  {
    "name": "Require(0) config/config.default.js",
    "start": 1588651309818,
    "end": 1588651309819,
    "duration": 1,
    "pid": 8812,
    "index": 3
  },
  {
    "name": "Require(1) node_modules/egg-session/config/config.default.js",
    "start": 1588651309824,
    "end": 1588651309826,
    "duration": 2,
    "pid": 8812,
    "index": 4
  },
  {
    "name": "Require(2) node_modules/egg-security/config/config.default.js",
    "start": 1588651309827,
    "end": 1588651309829,
    "duration": 2,
    "pid": 8812,
    "index": 5
  },
  {
    "name": "Require(3) node_modules/egg-jsonp/config/config.default.js",
    "start": 1588651309832,
    "end": 1588651309833,
    "duration": 1,
    "pid": 8812,
    "index": 6
  },
  {
    "name": "Require(4) node_modules/egg-onerror/config/config.default.js",
    "start": 1588651309835,
    "end": 1588651309837,
    "duration": 2,
    "pid": 8812,
    "index": 7
  },
  {
    "name": "Require(5) node_modules/egg-i18n/config/config.default.js",
    "start": 1588651309839,
    "end": 1588651309841,
    "duration": 2,
    "pid": 8812,
    "index": 8
  },
  {
    "name": "Require(6) node_modules/egg-watcher/config/config.default.js",
    "start": 1588651309843,
    "end": 1588651309844,
    "duration": 1,
    "pid": 8812,
    "index": 9
  },
  {
    "name": "Require(7) node_modules/egg-schedule/config/config.default.js",
    "start": 1588651309845,
    "end": 1588651309846,
    "duration": 1,
    "pid": 8812,
    "index": 10
  },
  {
    "name": "Require(8) node_modules/egg-multipart/config/config.default.js",
    "start": 1588651309847,
    "end": 1588651309849,
    "duration": 2,
    "pid": 8812,
    "index": 11
  },
  {
    "name": "Require(9) node_modules/egg-development/config/config.default.js",
    "start": 1588651309850,
    "end": 1588651309851,
    "duration": 1,
    "pid": 8812,
    "index": 12
  },
  {
    "name": "Require(10) node_modules/egg-logrotator/config/config.default.js",
    "start": 1588651309852,
    "end": 1588651309854,
    "duration": 2,
    "pid": 8812,
    "index": 13
  },
  {
    "name": "Require(11) node_modules/egg-static/config/config.default.js",
    "start": 1588651309856,
    "end": 1588651309858,
    "duration": 2,
    "pid": 8812,
    "index": 14
  },
  {
    "name": "Require(12) node_modules/egg-view/config/config.default.js",
    "start": 1588651309860,
    "end": 1588651309861,
    "duration": 1,
    "pid": 8812,
    "index": 15
  },
  {
    "name": "Require(13) node_modules/egg-mysql/config/config.default.js",
    "start": 1588651309862,
    "end": 1588651309864,
    "duration": 2,
    "pid": 8812,
    "index": 16
  },
  {
    "name": "Require(14) node_modules/egg-cors/config/config.default.js",
    "start": 1588651309865,
    "end": 1588651309866,
    "duration": 1,
    "pid": 8812,
    "index": 17
  },
  {
    "name": "Require(15) node_modules/egg/config/config.default.js",
    "start": 1588651309867,
    "end": 1588651309868,
    "duration": 1,
    "pid": 8812,
    "index": 18
  },
  {
    "name": "Require(16) config/config.default.js",
    "start": 1588651309874,
    "end": 1588651309874,
    "duration": 0,
    "pid": 8812,
    "index": 19
  },
  {
    "name": "Require(17) node_modules/egg-security/config/config.local.js",
    "start": 1588651309877,
    "end": 1588651309877,
    "duration": 0,
    "pid": 8812,
    "index": 20
  },
  {
    "name": "Require(18) node_modules/egg-watcher/config/config.local.js",
    "start": 1588651309881,
    "end": 1588651309881,
    "duration": 0,
    "pid": 8812,
    "index": 21
  },
  {
    "name": "Require(19) node_modules/egg-view/config/config.local.js",
    "start": 1588651309886,
    "end": 1588651309886,
    "duration": 0,
    "pid": 8812,
    "index": 22
  },
  {
    "name": "Require(20) node_modules/egg/config/config.local.js",
    "start": 1588651309890,
    "end": 1588651309891,
    "duration": 1,
    "pid": 8812,
    "index": 23
  },
  {
    "name": "Load extend/application.js",
    "start": 1588651309893,
    "end": 1588651309942,
    "duration": 49,
    "pid": 8812,
    "index": 24
  },
  {
    "name": "Require(21) node_modules/egg-session/app/extend/application.js",
    "start": 1588651309895,
    "end": 1588651309896,
    "duration": 1,
    "pid": 8812,
    "index": 25
  },
  {
    "name": "Require(22) node_modules/egg-security/app/extend/application.js",
    "start": 1588651309897,
    "end": 1588651309901,
    "duration": 4,
    "pid": 8812,
    "index": 26
  },
  {
    "name": "Require(23) node_modules/egg-jsonp/app/extend/application.js",
    "start": 1588651309903,
    "end": 1588651309908,
    "duration": 5,
    "pid": 8812,
    "index": 27
  },
  {
    "name": "Require(24) node_modules/egg-logrotator/app/extend/application.js",
    "start": 1588651309914,
    "end": 1588651309918,
    "duration": 4,
    "pid": 8812,
    "index": 28
  },
  {
    "name": "Require(25) node_modules/egg-view/app/extend/application.js",
    "start": 1588651309920,
    "end": 1588651309926,
    "duration": 6,
    "pid": 8812,
    "index": 29
  },
  {
    "name": "Load extend/request.js",
    "start": 1588651309942,
    "end": 1588651309969,
    "duration": 27,
    "pid": 8812,
    "index": 30
  },
  {
    "name": "Require(26) node_modules/egg/app/extend/request.js",
    "start": 1588651309953,
    "end": 1588651309957,
    "duration": 4,
    "pid": 8812,
    "index": 31
  },
  {
    "name": "Load extend/response.js",
    "start": 1588651309969,
    "end": 1588651310001,
    "duration": 32,
    "pid": 8812,
    "index": 32
  },
  {
    "name": "Require(27) node_modules/egg/app/extend/response.js",
    "start": 1588651309984,
    "end": 1588651309987,
    "duration": 3,
    "pid": 8812,
    "index": 33
  },
  {
    "name": "Load extend/context.js",
    "start": 1588651310002,
    "end": 1588651310164,
    "duration": 162,
    "pid": 8812,
    "index": 34
  },
  {
    "name": "Require(28) node_modules/egg-security/app/extend/context.js",
    "start": 1588651310004,
    "end": 1588651310036,
    "duration": 32,
    "pid": 8812,
    "index": 35
  },
  {
    "name": "Require(29) node_modules/egg-jsonp/app/extend/context.js",
    "start": 1588651310037,
    "end": 1588651310043,
    "duration": 6,
    "pid": 8812,
    "index": 36
  },
  {
    "name": "Require(30) node_modules/egg-i18n/app/extend/context.js",
    "start": 1588651310045,
    "end": 1588651310047,
    "duration": 2,
    "pid": 8812,
    "index": 37
  },
  {
    "name": "Require(31) node_modules/egg-multipart/app/extend/context.js",
    "start": 1588651310049,
    "end": 1588651310143,
    "duration": 94,
    "pid": 8812,
    "index": 38
  },
  {
    "name": "Require(32) node_modules/egg-view/app/extend/context.js",
    "start": 1588651310146,
    "end": 1588651310148,
    "duration": 2,
    "pid": 8812,
    "index": 39
  },
  {
    "name": "Require(33) node_modules/egg/app/extend/context.js",
    "start": 1588651310150,
    "end": 1588651310151,
    "duration": 1,
    "pid": 8812,
    "index": 40
  },
  {
    "name": "Load extend/helper.js",
    "start": 1588651310164,
    "end": 1588651310249,
    "duration": 85,
    "pid": 8812,
    "index": 41
  },
  {
    "name": "Require(34) node_modules/egg-security/app/extend/helper.js",
    "start": 1588651310165,
    "end": 1588651310222,
    "duration": 57,
    "pid": 8812,
    "index": 42
  },
  {
    "name": "Require(35) node_modules/egg/app/extend/helper.js",
    "start": 1588651310232,
    "end": 1588651310233,
    "duration": 1,
    "pid": 8812,
    "index": 43
  },
  {
    "name": "Load app.js",
    "start": 1588651310249,
    "end": 1588651310452,
    "duration": 203,
    "pid": 8812,
    "index": 44
  },
  {
    "name": "Require(36) node_modules/egg-session/app.js",
    "start": 1588651310251,
    "end": 1588651310252,
    "duration": 1,
    "pid": 8812,
    "index": 45
  },
  {
    "name": "Require(37) node_modules/egg-security/app.js",
    "start": 1588651310253,
    "end": 1588651310258,
    "duration": 5,
    "pid": 8812,
    "index": 46
  },
  {
    "name": "Require(38) node_modules/egg-onerror/app.js",
    "start": 1588651310262,
    "end": 1588651310286,
    "duration": 24,
    "pid": 8812,
    "index": 47
  },
  {
    "name": "Require(39) node_modules/egg-i18n/app.js",
    "start": 1588651310288,
    "end": 1588651310330,
    "duration": 42,
    "pid": 8812,
    "index": 48
  },
  {
    "name": "Require(40) node_modules/egg-watcher/app.js",
    "start": 1588651310331,
    "end": 1588651310342,
    "duration": 11,
    "pid": 8812,
    "index": 49
  },
  {
    "name": "Require(41) node_modules/egg-schedule/app.js",
    "start": 1588651310343,
    "end": 1588651310347,
    "duration": 4,
    "pid": 8812,
    "index": 50
  },
  {
    "name": "Require(42) node_modules/egg-multipart/app.js",
    "start": 1588651310347,
    "end": 1588651310362,
    "duration": 15,
    "pid": 8812,
    "index": 51
  },
  {
    "name": "Require(43) node_modules/egg-development/app.js",
    "start": 1588651310363,
    "end": 1588651310364,
    "duration": 1,
    "pid": 8812,
    "index": 52
  },
  {
    "name": "Require(44) node_modules/egg-logrotator/app.js",
    "start": 1588651310366,
    "end": 1588651310366,
    "duration": 0,
    "pid": 8812,
    "index": 53
  },
  {
    "name": "Require(45) node_modules/egg-static/app.js",
    "start": 1588651310367,
    "end": 1588651310368,
    "duration": 1,
    "pid": 8812,
    "index": 54
  },
  {
    "name": "Require(46) node_modules/egg-mysql/app.js",
    "start": 1588651310372,
    "end": 1588651310446,
    "duration": 74,
    "pid": 8812,
    "index": 55
  },
  {
    "name": "Require(47) node_modules/egg-cors/app.js",
    "start": 1588651310447,
    "end": 1588651310448,
    "duration": 1,
    "pid": 8812,
    "index": 56
  },
  {
    "name": "Before Start in node_modules/egg-watcher/lib/init.js:15:14",
    "start": 1588651310483,
    "end": 1588651311263,
    "duration": 780,
    "pid": 8812,
    "index": 57
  },
  {
    "name": "Before Start in node_modules/egg-mysql/lib/mysql.js:20:7",
    "start": 1588651310744,
    "end": 1588651311800,
    "duration": 1056,
    "pid": 8812,
    "index": 58
  },
  {
    "name": "Load Service",
    "start": 1588651310745,
    "end": 1588651310765,
    "duration": 20,
    "pid": 8812,
    "index": 59
  },
  {
    "name": "Load \"service\" to Context",
    "start": 1588651310745,
    "end": 1588651310765,
    "duration": 20,
    "pid": 8812,
    "index": 60
  },
  {
    "name": "Load Middleware",
    "start": 1588651310765,
    "end": 1588651311100,
    "duration": 335,
    "pid": 8812,
    "index": 61
  },
  {
    "name": "Load \"middlewares\" to Application",
    "start": 1588651310765,
    "end": 1588651311075,
    "duration": 310,
    "pid": 8812,
    "index": 62
  },
  {
    "name": "Load Controller",
    "start": 1588651311100,
    "end": 1588651311118,
    "duration": 18,
    "pid": 8812,
    "index": 63
  },
  {
    "name": "Load \"controller\" to Application",
    "start": 1588651311100,
    "end": 1588651311118,
    "duration": 18,
    "pid": 8812,
    "index": 64
  },
  {
    "name": "Load Router",
    "start": 1588651311118,
    "end": 1588651311130,
    "duration": 12,
    "pid": 8812,
    "index": 65
  },
  {
    "name": "Require(48) app/router.js",
    "start": 1588651311119,
    "end": 1588651311120,
    "duration": 1,
    "pid": 8812,
    "index": 66
  },
  {
    "name": "Before Start in node_modules/egg-core/lib/egg.js:303:10",
    "start": 1588651311124,
    "end": 1588651311157,
    "duration": 33,
    "pid": 8812,
    "index": 67
  }
]