[
  {
    "name": "Application Start",
    "start": 1588654954298,
    "end": 1588654955809,
    "duration": 1511,
    "pid": 14708,
    "index": 0
  },
  {
    "name": "Load Plugin",
    "start": 1588654954315,
    "end": 1588654954419,
    "duration": 104,
    "pid": 14708,
    "index": 1
  },
  {
    "name": "Load Config",
    "start": 1588654954419,
    "end": 1588654954518,
    "duration": 99,
    "pid": 14708,
    "index": 2
  },
  {
    "name": "Require(0) config/config.default.js",
    "start": 1588654954421,
    "end": 1588654954422,
    "duration": 1,
    "pid": 14708,
    "index": 3
  },
  {
    "name": "Require(1) node_modules/egg-session/config/config.default.js",
    "start": 1588654954426,
    "end": 1588654954438,
    "duration": 12,
    "pid": 14708,
    "index": 4
  },
  {
    "name": "Require(2) node_modules/egg-security/config/config.default.js",
    "start": 1588654954451,
    "end": 1588654954453,
    "duration": 2,
    "pid": 14708,
    "index": 5
  },
  {
    "name": "Require(3) node_modules/egg-jsonp/config/config.default.js",
    "start": 1588654954456,
    "end": 1588654954457,
    "duration": 1,
    "pid": 14708,
    "index": 6
  },
  {
    "name": "Require(4) node_modules/egg-onerror/config/config.default.js",
    "start": 1588654954459,
    "end": 1588654954461,
    "duration": 2,
    "pid": 14708,
    "index": 7
  },
  {
    "name": "Require(5) node_modules/egg-i18n/config/config.default.js",
    "start": 1588654954462,
    "end": 1588654954464,
    "duration": 2,
    "pid": 14708,
    "index": 8
  },
  {
    "name": "Require(6) node_modules/egg-watcher/config/config.default.js",
    "start": 1588654954466,
    "end": 1588654954467,
    "duration": 1,
    "pid": 14708,
    "index": 9
  },
  {
    "name": "Require(7) node_modules/egg-schedule/config/config.default.js",
    "start": 1588654954469,
    "end": 1588654954470,
    "duration": 1,
    "pid": 14708,
    "index": 10
  },
  {
    "name": "Require(8) node_modules/egg-multipart/config/config.default.js",
    "start": 1588654954472,
    "end": 1588654954474,
    "duration": 2,
    "pid": 14708,
    "index": 11
  },
  {
    "name": "Require(9) node_modules/egg-development/config/config.default.js",
    "start": 1588654954476,
    "end": 1588654954478,
    "duration": 2,
    "pid": 14708,
    "index": 12
  },
  {
    "name": "Require(10) node_modules/egg-logrotator/config/config.default.js",
    "start": 1588654954479,
    "end": 1588654954481,
    "duration": 2,
    "pid": 14708,
    "index": 13
  },
  {
    "name": "Require(11) node_modules/egg-static/config/config.default.js",
    "start": 1588654954483,
    "end": 1588654954484,
    "duration": 1,
    "pid": 14708,
    "index": 14
  },
  {
    "name": "Require(12) node_modules/egg-view/config/config.default.js",
    "start": 1588654954485,
    "end": 1588654954486,
    "duration": 1,
    "pid": 14708,
    "index": 15
  },
  {
    "name": "Require(13) node_modules/egg-mysql/config/config.default.js",
    "start": 1588654954487,
    "end": 1588654954491,
    "duration": 4,
    "pid": 14708,
    "index": 16
  },
  {
    "name": "Require(14) node_modules/egg-cors/config/config.default.js",
    "start": 1588654954493,
    "end": 1588654954494,
    "duration": 1,
    "pid": 14708,
    "index": 17
  },
  {
    "name": "Require(15) node_modules/egg/config/config.default.js",
    "start": 1588654954495,
    "end": 1588654954496,
    "duration": 1,
    "pid": 14708,
    "index": 18
  },
  {
    "name": "Require(16) config/config.default.js",
    "start": 1588654954499,
    "end": 1588654954499,
    "duration": 0,
    "pid": 14708,
    "index": 19
  },
  {
    "name": "Require(17) node_modules/egg-security/config/config.local.js",
    "start": 1588654954501,
    "end": 1588654954502,
    "duration": 1,
    "pid": 14708,
    "index": 20
  },
  {
    "name": "Require(18) node_modules/egg-watcher/config/config.local.js",
    "start": 1588654954506,
    "end": 1588654954507,
    "duration": 1,
    "pid": 14708,
    "index": 21
  },
  {
    "name": "Require(19) node_modules/egg-view/config/config.local.js",
    "start": 1588654954513,
    "end": 1588654954514,
    "duration": 1,
    "pid": 14708,
    "index": 22
  },
  {
    "name": "Require(20) node_modules/egg/config/config.local.js",
    "start": 1588654954517,
    "end": 1588654954517,
    "duration": 0,
    "pid": 14708,
    "index": 23
  },
  {
    "name": "Load extend/application.js",
    "start": 1588654954519,
    "end": 1588654954569,
    "duration": 50,
    "pid": 14708,
    "index": 24
  },
  {
    "name": "Require(21) node_modules/egg-session/app/extend/application.js",
    "start": 1588654954521,
    "end": 1588654954522,
    "duration": 1,
    "pid": 14708,
    "index": 25
  },
  {
    "name": "Require(22) node_modules/egg-security/app/extend/application.js",
    "start": 1588654954524,
    "end": 1588654954528,
    "duration": 4,
    "pid": 14708,
    "index": 26
  },
  {
    "name": "Require(23) node_modules/egg-jsonp/app/extend/application.js",
    "start": 1588654954530,
    "end": 1588654954535,
    "duration": 5,
    "pid": 14708,
    "index": 27
  },
  {
    "name": "Require(24) node_modules/egg-logrotator/app/extend/application.js",
    "start": 1588654954541,
    "end": 1588654954546,
    "duration": 5,
    "pid": 14708,
    "index": 28
  },
  {
    "name": "Require(25) node_modules/egg-view/app/extend/application.js",
    "start": 1588654954548,
    "end": 1588654954553,
    "duration": 5,
    "pid": 14708,
    "index": 29
  },
  {
    "name": "Load extend/request.js",
    "start": 1588654954569,
    "end": 1588654954598,
    "duration": 29,
    "pid": 14708,
    "index": 30
  },
  {
    "name": "Require(26) node_modules/egg/app/extend/request.js",
    "start": 1588654954582,
    "end": 1588654954584,
    "duration": 2,
    "pid": 14708,
    "index": 31
  },
  {
    "name": "Load extend/response.js",
    "start": 1588654954598,
    "end": 1588654954630,
    "duration": 32,
    "pid": 14708,
    "index": 32
  },
  {
    "name": "Require(27) node_modules/egg/app/extend/response.js",
    "start": 1588654954611,
    "end": 1588654954615,
    "duration": 4,
    "pid": 14708,
    "index": 33
  },
  {
    "name": "Load extend/context.js",
    "start": 1588654954630,
    "end": 1588654954840,
    "duration": 210,
    "pid": 14708,
    "index": 34
  },
  {
    "name": "Require(28) node_modules/egg-security/app/extend/context.js",
    "start": 1588654954632,
    "end": 1588654954667,
    "duration": 35,
    "pid": 14708,
    "index": 35
  },
  {
    "name": "Require(29) node_modules/egg-jsonp/app/extend/context.js",
    "start": 1588654954668,
    "end": 1588654954672,
    "duration": 4,
    "pid": 14708,
    "index": 36
  },
  {
    "name": "Require(30) node_modules/egg-i18n/app/extend/context.js",
    "start": 1588654954675,
    "end": 1588654954677,
    "duration": 2,
    "pid": 14708,
    "index": 37
  },
  {
    "name": "Require(31) node_modules/egg-multipart/app/extend/context.js",
    "start": 1588654954680,
    "end": 1588654954817,
    "duration": 137,
    "pid": 14708,
    "index": 38
  },
  {
    "name": "Require(32) node_modules/egg-view/app/extend/context.js",
    "start": 1588654954820,
    "end": 1588654954823,
    "duration": 3,
    "pid": 14708,
    "index": 39
  },
  {
    "name": "Require(33) node_modules/egg/app/extend/context.js",
    "start": 1588654954825,
    "end": 1588654954826,
    "duration": 1,
    "pid": 14708,
    "index": 40
  },
  {
    "name": "Load extend/helper.js",
    "start": 1588654954840,
    "end": 1588654954934,
    "duration": 94,
    "pid": 14708,
    "index": 41
  },
  {
    "name": "Require(34) node_modules/egg-security/app/extend/helper.js",
    "start": 1588654954842,
    "end": 1588654954907,
    "duration": 65,
    "pid": 14708,
    "index": 42
  },
  {
    "name": "Require(35) node_modules/egg/app/extend/helper.js",
    "start": 1588654954919,
    "end": 1588654954920,
    "duration": 1,
    "pid": 14708,
    "index": 43
  },
  {
    "name": "Load app.js",
    "start": 1588654954935,
    "end": 1588654955125,
    "duration": 190,
    "pid": 14708,
    "index": 44
  },
  {
    "name": "Require(36) node_modules/egg-session/app.js",
    "start": 1588654954936,
    "end": 1588654954937,
    "duration": 1,
    "pid": 14708,
    "index": 45
  },
  {
    "name": "Require(37) node_modules/egg-security/app.js",
    "start": 1588654954938,
    "end": 1588654954942,
    "duration": 4,
    "pid": 14708,
    "index": 46
  },
  {
    "name": "Require(38) node_modules/egg-onerror/app.js",
    "start": 1588654954947,
    "end": 1588654954976,
    "duration": 29,
    "pid": 14708,
    "index": 47
  },
  {
    "name": "Require(39) node_modules/egg-i18n/app.js",
    "start": 1588654954977,
    "end": 1588654955022,
    "duration": 45,
    "pid": 14708,
    "index": 48
  },
  {
    "name": "Require(40) node_modules/egg-watcher/app.js",
    "start": 1588654955023,
    "end": 1588654955033,
    "duration": 10,
    "pid": 14708,
    "index": 49
  },
  {
    "name": "Require(41) node_modules/egg-schedule/app.js",
    "start": 1588654955034,
    "end": 1588654955043,
    "duration": 9,
    "pid": 14708,
    "index": 50
  },
  {
    "name": "Require(42) node_modules/egg-multipart/app.js",
    "start": 1588654955044,
    "end": 1588654955053,
    "duration": 9,
    "pid": 14708,
    "index": 51
  },
  {
    "name": "Require(43) node_modules/egg-development/app.js",
    "start": 1588654955054,
    "end": 1588654955055,
    "duration": 1,
    "pid": 14708,
    "index": 52
  },
  {
    "name": "Require(44) node_modules/egg-logrotator/app.js",
    "start": 1588654955056,
    "end": 1588654955057,
    "duration": 1,
    "pid": 14708,
    "index": 53
  },
  {
    "name": "Require(45) node_modules/egg-static/app.js",
    "start": 1588654955058,
    "end": 1588654955059,
    "duration": 1,
    "pid": 14708,
    "index": 54
  },
  {
    "name": "Require(46) node_modules/egg-mysql/app.js",
    "start": 1588654955063,
    "end": 1588654955119,
    "duration": 56,
    "pid": 14708,
    "index": 55
  },
  {
    "name": "Require(47) node_modules/egg-cors/app.js",
    "start": 1588654955120,
    "end": 1588654955121,
    "duration": 1,
    "pid": 14708,
    "index": 56
  },
  {
    "name": "Before Start in node_modules/egg-watcher/lib/init.js:15:14",
    "start": 1588654955148,
    "end": 1588654955787,
    "duration": 639,
    "pid": 14708,
    "index": 57
  },
  {
    "name": "Before Start in node_modules/egg-mysql/lib/mysql.js:20:7",
    "start": 1588654955368,
    "end": 1588654955809,
    "duration": 441,
    "pid": 14708,
    "index": 58
  },
  {
    "name": "Load Service",
    "start": 1588654955369,
    "end": 1588654955382,
    "duration": 13,
    "pid": 14708,
    "index": 59
  },
  {
    "name": "Load \"service\" to Context",
    "start": 1588654955369,
    "end": 1588654955382,
    "duration": 13,
    "pid": 14708,
    "index": 60
  },
  {
    "name": "Load Middleware",
    "start": 1588654955382,
    "end": 1588654955636,
    "duration": 254,
    "pid": 14708,
    "index": 61
  },
  {
    "name": "Load \"middlewares\" to Application",
    "start": 1588654955382,
    "end": 1588654955608,
    "duration": 226,
    "pid": 14708,
    "index": 62
  },
  {
    "name": "Load Controller",
    "start": 1588654955636,
    "end": 1588654955652,
    "duration": 16,
    "pid": 14708,
    "index": 63
  },
  {
    "name": "Load \"controller\" to Application",
    "start": 1588654955637,
    "end": 1588654955652,
    "duration": 15,
    "pid": 14708,
    "index": 64
  },
  {
    "name": "Load Router",
    "start": 1588654955652,
    "end": 1588654955663,
    "duration": 11,
    "pid": 14708,
    "index": 65
  },
  {
    "name": "Require(48) app/router.js",
    "start": 1588654955653,
    "end": 1588654955654,
    "duration": 1,
    "pid": 14708,
    "index": 66
  },
  {
    "name": "Before Start in node_modules/egg-core/lib/egg.js:303:10",
    "start": 1588654955657,
    "end": 1588654955746,
    "duration": 89,
    "pid": 14708,
    "index": 67
  }
]