[
  {
    "name": "Application Start",
    "start": 1588651750773,
    "end": 1588651752122,
    "duration": 1349,
    "pid": 15020,
    "index": 0
  },
  {
    "name": "Load Plugin",
    "start": 1588651750790,
    "end": 1588651750884,
    "duration": 94,
    "pid": 15020,
    "index": 1
  },
  {
    "name": "Load Config",
    "start": 1588651750885,
    "end": 1588651750941,
    "duration": 56,
    "pid": 15020,
    "index": 2
  },
  {
    "name": "Require(0) config/config.default.js",
    "start": 1588651750886,
    "end": 1588651750887,
    "duration": 1,
    "pid": 15020,
    "index": 3
  },
  {
    "name": "Require(1) node_modules/egg-session/config/config.default.js",
    "start": 1588651750889,
    "end": 1588651750891,
    "duration": 2,
    "pid": 15020,
    "index": 4
  },
  {
    "name": "Require(2) node_modules/egg-security/config/config.default.js",
    "start": 1588651750892,
    "end": 1588651750893,
    "duration": 1,
    "pid": 15020,
    "index": 5
  },
  {
    "name": "Require(3) node_modules/egg-jsonp/config/config.default.js",
    "start": 1588651750895,
    "end": 1588651750896,
    "duration": 1,
    "pid": 15020,
    "index": 6
  },
  {
    "name": "Require(4) node_modules/egg-onerror/config/config.default.js",
    "start": 1588651750897,
    "end": 1588651750898,
    "duration": 1,
    "pid": 15020,
    "index": 7
  },
  {
    "name": "Require(5) node_modules/egg-i18n/config/config.default.js",
    "start": 1588651750899,
    "end": 1588651750901,
    "duration": 2,
    "pid": 15020,
    "index": 8
  },
  {
    "name": "Require(6) node_modules/egg-watcher/config/config.default.js",
    "start": 1588651750902,
    "end": 1588651750903,
    "duration": 1,
    "pid": 15020,
    "index": 9
  },
  {
    "name": "Require(7) node_modules/egg-schedule/config/config.default.js",
    "start": 1588651750904,
    "end": 1588651750905,
    "duration": 1,
    "pid": 15020,
    "index": 10
  },
  {
    "name": "Require(8) node_modules/egg-multipart/config/config.default.js",
    "start": 1588651750906,
    "end": 1588651750907,
    "duration": 1,
    "pid": 15020,
    "index": 11
  },
  {
    "name": "Require(9) node_modules/egg-development/config/config.default.js",
    "start": 1588651750909,
    "end": 1588651750910,
    "duration": 1,
    "pid": 15020,
    "index": 12
  },
  {
    "name": "Require(10) node_modules/egg-logrotator/config/config.default.js",
    "start": 1588651750911,
    "end": 1588651750912,
    "duration": 1,
    "pid": 15020,
    "index": 13
  },
  {
    "name": "Require(11) node_modules/egg-static/config/config.default.js",
    "start": 1588651750913,
    "end": 1588651750914,
    "duration": 1,
    "pid": 15020,
    "index": 14
  },
  {
    "name": "Require(12) node_modules/egg-view/config/config.default.js",
    "start": 1588651750915,
    "end": 1588651750916,
    "duration": 1,
    "pid": 15020,
    "index": 15
  },
  {
    "name": "Require(13) node_modules/egg-mysql/config/config.default.js",
    "start": 1588651750917,
    "end": 1588651750921,
    "duration": 4,
    "pid": 15020,
    "index": 16
  },
  {
    "name": "Require(14) node_modules/egg-cors/config/config.default.js",
    "start": 1588651750922,
    "end": 1588651750924,
    "duration": 2,
    "pid": 15020,
    "index": 17
  },
  {
    "name": "Require(15) node_modules/egg/config/config.default.js",
    "start": 1588651750925,
    "end": 1588651750925,
    "duration": 0,
    "pid": 15020,
    "index": 18
  },
  {
    "name": "Require(16) config/config.default.js",
    "start": 1588651750927,
    "end": 1588651750927,
    "duration": 0,
    "pid": 15020,
    "index": 19
  },
  {
    "name": "Require(17) node_modules/egg-security/config/config.local.js",
    "start": 1588651750929,
    "end": 1588651750929,
    "duration": 0,
    "pid": 15020,
    "index": 20
  },
  {
    "name": "Require(18) node_modules/egg-watcher/config/config.local.js",
    "start": 1588651750932,
    "end": 1588651750933,
    "duration": 1,
    "pid": 15020,
    "index": 21
  },
  {
    "name": "Require(19) node_modules/egg-view/config/config.local.js",
    "start": 1588651750937,
    "end": 1588651750937,
    "duration": 0,
    "pid": 15020,
    "index": 22
  },
  {
    "name": "Require(20) node_modules/egg/config/config.local.js",
    "start": 1588651750940,
    "end": 1588651750941,
    "duration": 1,
    "pid": 15020,
    "index": 23
  },
  {
    "name": "Load extend/application.js",
    "start": 1588651750942,
    "end": 1588651750985,
    "duration": 43,
    "pid": 15020,
    "index": 24
  },
  {
    "name": "Require(21) node_modules/egg-session/app/extend/application.js",
    "start": 1588651750944,
    "end": 1588651750945,
    "duration": 1,
    "pid": 15020,
    "index": 25
  },
  {
    "name": "Require(22) node_modules/egg-security/app/extend/application.js",
    "start": 1588651750946,
    "end": 1588651750951,
    "duration": 5,
    "pid": 15020,
    "index": 26
  },
  {
    "name": "Require(23) node_modules/egg-jsonp/app/extend/application.js",
    "start": 1588651750952,
    "end": 1588651750957,
    "duration": 5,
    "pid": 15020,
    "index": 27
  },
  {
    "name": "Require(24) node_modules/egg-logrotator/app/extend/application.js",
    "start": 1588651750964,
    "end": 1588651750969,
    "duration": 5,
    "pid": 15020,
    "index": 28
  },
  {
    "name": "Require(25) node_modules/egg-view/app/extend/application.js",
    "start": 1588651750971,
    "end": 1588651750974,
    "duration": 3,
    "pid": 15020,
    "index": 29
  },
  {
    "name": "Load extend/request.js",
    "start": 1588651750985,
    "end": 1588651751005,
    "duration": 20,
    "pid": 15020,
    "index": 30
  },
  {
    "name": "Require(26) node_modules/egg/app/extend/request.js",
    "start": 1588651750994,
    "end": 1588651750996,
    "duration": 2,
    "pid": 15020,
    "index": 31
  },
  {
    "name": "Load extend/response.js",
    "start": 1588651751005,
    "end": 1588651751029,
    "duration": 24,
    "pid": 15020,
    "index": 32
  },
  {
    "name": "Require(27) node_modules/egg/app/extend/response.js",
    "start": 1588651751014,
    "end": 1588651751018,
    "duration": 4,
    "pid": 15020,
    "index": 33
  },
  {
    "name": "Load extend/context.js",
    "start": 1588651751029,
    "end": 1588651751222,
    "duration": 193,
    "pid": 15020,
    "index": 34
  },
  {
    "name": "Require(28) node_modules/egg-security/app/extend/context.js",
    "start": 1588651751031,
    "end": 1588651751058,
    "duration": 27,
    "pid": 15020,
    "index": 35
  },
  {
    "name": "Require(29) node_modules/egg-jsonp/app/extend/context.js",
    "start": 1588651751059,
    "end": 1588651751062,
    "duration": 3,
    "pid": 15020,
    "index": 36
  },
  {
    "name": "Require(30) node_modules/egg-i18n/app/extend/context.js",
    "start": 1588651751063,
    "end": 1588651751064,
    "duration": 1,
    "pid": 15020,
    "index": 37
  },
  {
    "name": "Require(31) node_modules/egg-multipart/app/extend/context.js",
    "start": 1588651751067,
    "end": 1588651751190,
    "duration": 123,
    "pid": 15020,
    "index": 38
  },
  {
    "name": "Require(32) node_modules/egg-view/app/extend/context.js",
    "start": 1588651751192,
    "end": 1588651751195,
    "duration": 3,
    "pid": 15020,
    "index": 39
  },
  {
    "name": "Require(33) node_modules/egg/app/extend/context.js",
    "start": 1588651751196,
    "end": 1588651751198,
    "duration": 2,
    "pid": 15020,
    "index": 40
  },
  {
    "name": "Load extend/helper.js",
    "start": 1588651751222,
    "end": 1588651751296,
    "duration": 74,
    "pid": 15020,
    "index": 41
  },
  {
    "name": "Require(34) node_modules/egg-security/app/extend/helper.js",
    "start": 1588651751225,
    "end": 1588651751275,
    "duration": 50,
    "pid": 15020,
    "index": 42
  },
  {
    "name": "Require(35) node_modules/egg/app/extend/helper.js",
    "start": 1588651751283,
    "end": 1588651751284,
    "duration": 1,
    "pid": 15020,
    "index": 43
  },
  {
    "name": "Load app.js",
    "start": 1588651751297,
    "end": 1588651751476,
    "duration": 179,
    "pid": 15020,
    "index": 44
  },
  {
    "name": "Require(36) node_modules/egg-session/app.js",
    "start": 1588651751297,
    "end": 1588651751298,
    "duration": 1,
    "pid": 15020,
    "index": 45
  },
  {
    "name": "Require(37) node_modules/egg-security/app.js",
    "start": 1588651751299,
    "end": 1588651751304,
    "duration": 5,
    "pid": 15020,
    "index": 46
  },
  {
    "name": "Require(38) node_modules/egg-onerror/app.js",
    "start": 1588651751306,
    "end": 1588651751328,
    "duration": 22,
    "pid": 15020,
    "index": 47
  },
  {
    "name": "Require(39) node_modules/egg-i18n/app.js",
    "start": 1588651751329,
    "end": 1588651751372,
    "duration": 43,
    "pid": 15020,
    "index": 48
  },
  {
    "name": "Require(40) node_modules/egg-watcher/app.js",
    "start": 1588651751374,
    "end": 1588651751384,
    "duration": 10,
    "pid": 15020,
    "index": 49
  },
  {
    "name": "Require(41) node_modules/egg-schedule/app.js",
    "start": 1588651751385,
    "end": 1588651751392,
    "duration": 7,
    "pid": 15020,
    "index": 50
  },
  {
    "name": "Require(42) node_modules/egg-multipart/app.js",
    "start": 1588651751393,
    "end": 1588651751400,
    "duration": 7,
    "pid": 15020,
    "index": 51
  },
  {
    "name": "Require(43) node_modules/egg-development/app.js",
    "start": 1588651751401,
    "end": 1588651751401,
    "duration": 0,
    "pid": 15020,
    "index": 52
  },
  {
    "name": "Require(44) node_modules/egg-logrotator/app.js",
    "start": 1588651751402,
    "end": 1588651751403,
    "duration": 1,
    "pid": 15020,
    "index": 53
  },
  {
    "name": "Require(45) node_modules/egg-static/app.js",
    "start": 1588651751404,
    "end": 1588651751404,
    "duration": 0,
    "pid": 15020,
    "index": 54
  },
  {
    "name": "Require(46) node_modules/egg-mysql/app.js",
    "start": 1588651751406,
    "end": 1588651751468,
    "duration": 62,
    "pid": 15020,
    "index": 55
  },
  {
    "name": "Require(47) node_modules/egg-cors/app.js",
    "start": 1588651751470,
    "end": 1588651751471,
    "duration": 1,
    "pid": 15020,
    "index": 56
  },
  {
    "name": "Before Start in node_modules/egg-watcher/lib/init.js:15:14",
    "start": 1588651751507,
    "end": 1588651752075,
    "duration": 568,
    "pid": 15020,
    "index": 57
  },
  {
    "name": "Before Start in node_modules/egg-mysql/lib/mysql.js:20:7",
    "start": 1588651751735,
    "end": 1588651752121,
    "duration": 386,
    "pid": 15020,
    "index": 58
  },
  {
    "name": "Load Service",
    "start": 1588651751735,
    "end": 1588651751751,
    "duration": 16,
    "pid": 15020,
    "index": 59
  },
  {
    "name": "Load \"service\" to Context",
    "start": 1588651751736,
    "end": 1588651751751,
    "duration": 15,
    "pid": 15020,
    "index": 60
  },
  {
    "name": "Load Middleware",
    "start": 1588651751751,
    "end": 1588651752005,
    "duration": 254,
    "pid": 15020,
    "index": 61
  },
  {
    "name": "Load \"middlewares\" to Application",
    "start": 1588651751751,
    "end": 1588651751985,
    "duration": 234,
    "pid": 15020,
    "index": 62
  },
  {
    "name": "Load Controller",
    "start": 1588651752005,
    "end": 1588651752019,
    "duration": 14,
    "pid": 15020,
    "index": 63
  },
  {
    "name": "Load \"controller\" to Application",
    "start": 1588651752006,
    "end": 1588651752019,
    "duration": 13,
    "pid": 15020,
    "index": 64
  },
  {
    "name": "Load Router",
    "start": 1588651752020,
    "end": 1588651752027,
    "duration": 7,
    "pid": 15020,
    "index": 65
  },
  {
    "name": "Require(48) app/router.js",
    "start": 1588651752021,
    "end": 1588651752021,
    "duration": 0,
    "pid": 15020,
    "index": 66
  },
  {
    "name": "Before Start in node_modules/egg-core/lib/egg.js:303:10",
    "start": 1588651752023,
    "end": 1588651752055,
    "duration": 32,
    "pid": 15020,
    "index": 67
  }
]