[
  {
    "name": "Application Start",
    "start": 1588654899800,
    "end": 1588654901074,
    "duration": 1274,
    "pid": 1252,
    "index": 0
  },
  {
    "name": "Load Plugin",
    "start": 1588654899813,
    "end": 1588654899895,
    "duration": 82,
    "pid": 1252,
    "index": 1
  },
  {
    "name": "Load Config",
    "start": 1588654899895,
    "end": 1588654899965,
    "duration": 70,
    "pid": 1252,
    "index": 2
  },
  {
    "name": "Require(0) config/config.default.js",
    "start": 1588654899897,
    "end": 1588654899898,
    "duration": 1,
    "pid": 1252,
    "index": 3
  },
  {
    "name": "Require(1) node_modules/egg-session/config/config.default.js",
    "start": 1588654899902,
    "end": 1588654899904,
    "duration": 2,
    "pid": 1252,
    "index": 4
  },
  {
    "name": "Require(2) node_modules/egg-security/config/config.default.js",
    "start": 1588654899906,
    "end": 1588654899907,
    "duration": 1,
    "pid": 1252,
    "index": 5
  },
  {
    "name": "Require(3) node_modules/egg-jsonp/config/config.default.js",
    "start": 1588654899910,
    "end": 1588654899912,
    "duration": 2,
    "pid": 1252,
    "index": 6
  },
  {
    "name": "Require(4) node_modules/egg-onerror/config/config.default.js",
    "start": 1588654899913,
    "end": 1588654899915,
    "duration": 2,
    "pid": 1252,
    "index": 7
  },
  {
    "name": "Require(5) node_modules/egg-i18n/config/config.default.js",
    "start": 1588654899916,
    "end": 1588654899918,
    "duration": 2,
    "pid": 1252,
    "index": 8
  },
  {
    "name": "Require(6) node_modules/egg-watcher/config/config.default.js",
    "start": 1588654899920,
    "end": 1588654899922,
    "duration": 2,
    "pid": 1252,
    "index": 9
  },
  {
    "name": "Require(7) node_modules/egg-schedule/config/config.default.js",
    "start": 1588654899923,
    "end": 1588654899924,
    "duration": 1,
    "pid": 1252,
    "index": 10
  },
  {
    "name": "Require(8) node_modules/egg-multipart/config/config.default.js",
    "start": 1588654899926,
    "end": 1588654899927,
    "duration": 1,
    "pid": 1252,
    "index": 11
  },
  {
    "name": "Require(9) node_modules/egg-development/config/config.default.js",
    "start": 1588654899928,
    "end": 1588654899929,
    "duration": 1,
    "pid": 1252,
    "index": 12
  },
  {
    "name": "Require(10) node_modules/egg-logrotator/config/config.default.js",
    "start": 1588654899931,
    "end": 1588654899932,
    "duration": 1,
    "pid": 1252,
    "index": 13
  },
  {
    "name": "Require(11) node_modules/egg-static/config/config.default.js",
    "start": 1588654899933,
    "end": 1588654899935,
    "duration": 2,
    "pid": 1252,
    "index": 14
  },
  {
    "name": "Require(12) node_modules/egg-view/config/config.default.js",
    "start": 1588654899936,
    "end": 1588654899937,
    "duration": 1,
    "pid": 1252,
    "index": 15
  },
  {
    "name": "Require(13) node_modules/egg-mysql/config/config.default.js",
    "start": 1588654899939,
    "end": 1588654899940,
    "duration": 1,
    "pid": 1252,
    "index": 16
  },
  {
    "name": "Require(14) node_modules/egg-cors/config/config.default.js",
    "start": 1588654899941,
    "end": 1588654899945,
    "duration": 4,
    "pid": 1252,
    "index": 17
  },
  {
    "name": "Require(15) node_modules/egg/config/config.default.js",
    "start": 1588654899946,
    "end": 1588654899947,
    "duration": 1,
    "pid": 1252,
    "index": 18
  },
  {
    "name": "Require(16) config/config.default.js",
    "start": 1588654899949,
    "end": 1588654899949,
    "duration": 0,
    "pid": 1252,
    "index": 19
  },
  {
    "name": "Require(17) node_modules/egg-security/config/config.local.js",
    "start": 1588654899950,
    "end": 1588654899951,
    "duration": 1,
    "pid": 1252,
    "index": 20
  },
  {
    "name": "Require(18) node_modules/egg-watcher/config/config.local.js",
    "start": 1588654899955,
    "end": 1588654899955,
    "duration": 0,
    "pid": 1252,
    "index": 21
  },
  {
    "name": "Require(19) node_modules/egg-view/config/config.local.js",
    "start": 1588654899961,
    "end": 1588654899962,
    "duration": 1,
    "pid": 1252,
    "index": 22
  },
  {
    "name": "Require(20) node_modules/egg/config/config.local.js",
    "start": 1588654899965,
    "end": 1588654899965,
    "duration": 0,
    "pid": 1252,
    "index": 23
  },
  {
    "name": "Load extend/application.js",
    "start": 1588654899967,
    "end": 1588654900009,
    "duration": 42,
    "pid": 1252,
    "index": 24
  },
  {
    "name": "Require(21) node_modules/egg-session/app/extend/application.js",
    "start": 1588654899968,
    "end": 1588654899969,
    "duration": 1,
    "pid": 1252,
    "index": 25
  },
  {
    "name": "Require(22) node_modules/egg-security/app/extend/application.js",
    "start": 1588654899970,
    "end": 1588654899975,
    "duration": 5,
    "pid": 1252,
    "index": 26
  },
  {
    "name": "Require(23) node_modules/egg-jsonp/app/extend/application.js",
    "start": 1588654899977,
    "end": 1588654899981,
    "duration": 4,
    "pid": 1252,
    "index": 27
  },
  {
    "name": "Require(24) node_modules/egg-logrotator/app/extend/application.js",
    "start": 1588654899986,
    "end": 1588654899991,
    "duration": 5,
    "pid": 1252,
    "index": 28
  },
  {
    "name": "Require(25) node_modules/egg-view/app/extend/application.js",
    "start": 1588654899992,
    "end": 1588654899996,
    "duration": 4,
    "pid": 1252,
    "index": 29
  },
  {
    "name": "Load extend/request.js",
    "start": 1588654900009,
    "end": 1588654900034,
    "duration": 25,
    "pid": 1252,
    "index": 30
  },
  {
    "name": "Require(26) node_modules/egg/app/extend/request.js",
    "start": 1588654900020,
    "end": 1588654900022,
    "duration": 2,
    "pid": 1252,
    "index": 31
  },
  {
    "name": "Load extend/response.js",
    "start": 1588654900034,
    "end": 1588654900062,
    "duration": 28,
    "pid": 1252,
    "index": 32
  },
  {
    "name": "Require(27) node_modules/egg/app/extend/response.js",
    "start": 1588654900048,
    "end": 1588654900051,
    "duration": 3,
    "pid": 1252,
    "index": 33
  },
  {
    "name": "Load extend/context.js",
    "start": 1588654900062,
    "end": 1588654900212,
    "duration": 150,
    "pid": 1252,
    "index": 34
  },
  {
    "name": "Require(28) node_modules/egg-security/app/extend/context.js",
    "start": 1588654900063,
    "end": 1588654900093,
    "duration": 30,
    "pid": 1252,
    "index": 35
  },
  {
    "name": "Require(29) node_modules/egg-jsonp/app/extend/context.js",
    "start": 1588654900094,
    "end": 1588654900097,
    "duration": 3,
    "pid": 1252,
    "index": 36
  },
  {
    "name": "Require(30) node_modules/egg-i18n/app/extend/context.js",
    "start": 1588654900099,
    "end": 1588654900100,
    "duration": 1,
    "pid": 1252,
    "index": 37
  },
  {
    "name": "Require(31) node_modules/egg-multipart/app/extend/context.js",
    "start": 1588654900103,
    "end": 1588654900194,
    "duration": 91,
    "pid": 1252,
    "index": 38
  },
  {
    "name": "Require(32) node_modules/egg-view/app/extend/context.js",
    "start": 1588654900196,
    "end": 1588654900198,
    "duration": 2,
    "pid": 1252,
    "index": 39
  },
  {
    "name": "Require(33) node_modules/egg/app/extend/context.js",
    "start": 1588654900200,
    "end": 1588654900201,
    "duration": 1,
    "pid": 1252,
    "index": 40
  },
  {
    "name": "Load extend/helper.js",
    "start": 1588654900212,
    "end": 1588654900285,
    "duration": 73,
    "pid": 1252,
    "index": 41
  },
  {
    "name": "Require(34) node_modules/egg-security/app/extend/helper.js",
    "start": 1588654900214,
    "end": 1588654900260,
    "duration": 46,
    "pid": 1252,
    "index": 42
  },
  {
    "name": "Require(35) node_modules/egg/app/extend/helper.js",
    "start": 1588654900270,
    "end": 1588654900271,
    "duration": 1,
    "pid": 1252,
    "index": 43
  },
  {
    "name": "Load app.js",
    "start": 1588654900285,
    "end": 1588654900464,
    "duration": 179,
    "pid": 1252,
    "index": 44
  },
  {
    "name": "Require(36) node_modules/egg-session/app.js",
    "start": 1588654900286,
    "end": 1588654900287,
    "duration": 1,
    "pid": 1252,
    "index": 45
  },
  {
    "name": "Require(37) node_modules/egg-security/app.js",
    "start": 1588654900288,
    "end": 1588654900293,
    "duration": 5,
    "pid": 1252,
    "index": 46
  },
  {
    "name": "Require(38) node_modules/egg-onerror/app.js",
    "start": 1588654900296,
    "end": 1588654900325,
    "duration": 29,
    "pid": 1252,
    "index": 47
  },
  {
    "name": "Require(39) node_modules/egg-i18n/app.js",
    "start": 1588654900326,
    "end": 1588654900369,
    "duration": 43,
    "pid": 1252,
    "index": 48
  },
  {
    "name": "Require(40) node_modules/egg-watcher/app.js",
    "start": 1588654900370,
    "end": 1588654900380,
    "duration": 10,
    "pid": 1252,
    "index": 49
  },
  {
    "name": "Require(41) node_modules/egg-schedule/app.js",
    "start": 1588654900381,
    "end": 1588654900388,
    "duration": 7,
    "pid": 1252,
    "index": 50
  },
  {
    "name": "Require(42) node_modules/egg-multipart/app.js",
    "start": 1588654900390,
    "end": 1588654900398,
    "duration": 8,
    "pid": 1252,
    "index": 51
  },
  {
    "name": "Require(43) node_modules/egg-development/app.js",
    "start": 1588654900399,
    "end": 1588654900400,
    "duration": 1,
    "pid": 1252,
    "index": 52
  },
  {
    "name": "Require(44) node_modules/egg-logrotator/app.js",
    "start": 1588654900401,
    "end": 1588654900402,
    "duration": 1,
    "pid": 1252,
    "index": 53
  },
  {
    "name": "Require(45) node_modules/egg-static/app.js",
    "start": 1588654900403,
    "end": 1588654900403,
    "duration": 0,
    "pid": 1252,
    "index": 54
  },
  {
    "name": "Require(46) node_modules/egg-mysql/app.js",
    "start": 1588654900406,
    "end": 1588654900459,
    "duration": 53,
    "pid": 1252,
    "index": 55
  },
  {
    "name": "Require(47) node_modules/egg-cors/app.js",
    "start": 1588654900459,
    "end": 1588654900460,
    "duration": 1,
    "pid": 1252,
    "index": 56
  },
  {
    "name": "Before Start in node_modules/egg-watcher/lib/init.js:15:14",
    "start": 1588654900485,
    "end": 1588654901069,
    "duration": 584,
    "pid": 1252,
    "index": 57
  },
  {
    "name": "Before Start in node_modules/egg-mysql/lib/mysql.js:20:7",
    "start": 1588654900690,
    "end": 1588654901073,
    "duration": 383,
    "pid": 1252,
    "index": 58
  },
  {
    "name": "Load Service",
    "start": 1588654900691,
    "end": 1588654900702,
    "duration": 11,
    "pid": 1252,
    "index": 59
  },
  {
    "name": "Load \"service\" to Context",
    "start": 1588654900691,
    "end": 1588654900702,
    "duration": 11,
    "pid": 1252,
    "index": 60
  },
  {
    "name": "Load Middleware",
    "start": 1588654900702,
    "end": 1588654900975,
    "duration": 273,
    "pid": 1252,
    "index": 61
  },
  {
    "name": "Load \"middlewares\" to Application",
    "start": 1588654900702,
    "end": 1588654900938,
    "duration": 236,
    "pid": 1252,
    "index": 62
  },
  {
    "name": "Load Controller",
    "start": 1588654900975,
    "end": 1588654900998,
    "duration": 23,
    "pid": 1252,
    "index": 63
  },
  {
    "name": "Load \"controller\" to Application",
    "start": 1588654900975,
    "end": 1588654900998,
    "duration": 23,
    "pid": 1252,
    "index": 64
  },
  {
    "name": "Load Router",
    "start": 1588654900998,
    "end": 1588654901008,
    "duration": 10,
    "pid": 1252,
    "index": 65
  },
  {
    "name": "Require(48) app/router.js",
    "start": 1588654900999,
    "end": 1588654901000,
    "duration": 1,
    "pid": 1252,
    "index": 66
  },
  {
    "name": "Before Start in node_modules/egg-core/lib/egg.js:303:10",
    "start": 1588654901003,
    "end": 1588654901044,
    "duration": 41,
    "pid": 1252,
    "index": 67
  }
]