[
  {
    "name": "Application Start",
    "start": 1588653879780,
    "end": 1588653880769,
    "duration": 989,
    "pid": 18028,
    "index": 0
  },
  {
    "name": "Load Plugin",
    "start": 1588653879790,
    "end": 1588653879853,
    "duration": 63,
    "pid": 18028,
    "index": 1
  },
  {
    "name": "Load Config",
    "start": 1588653879853,
    "end": 1588653879911,
    "duration": 58,
    "pid": 18028,
    "index": 2
  },
  {
    "name": "Require(0) config/config.default.js",
    "start": 1588653879855,
    "end": 1588653879855,
    "duration": 0,
    "pid": 18028,
    "index": 3
  },
  {
    "name": "Require(1) node_modules/egg-session/config/config.default.js",
    "start": 1588653879858,
    "end": 1588653879859,
    "duration": 1,
    "pid": 18028,
    "index": 4
  },
  {
    "name": "Require(2) node_modules/egg-security/config/config.default.js",
    "start": 1588653879861,
    "end": 1588653879862,
    "duration": 1,
    "pid": 18028,
    "index": 5
  },
  {
    "name": "Require(3) node_modules/egg-jsonp/config/config.default.js",
    "start": 1588653879863,
    "end": 1588653879865,
    "duration": 2,
    "pid": 18028,
    "index": 6
  },
  {
    "name": "Require(4) node_modules/egg-onerror/config/config.default.js",
    "start": 1588653879866,
    "end": 1588653879867,
    "duration": 1,
    "pid": 18028,
    "index": 7
  },
  {
    "name": "Require(5) node_modules/egg-i18n/config/config.default.js",
    "start": 1588653879868,
    "end": 1588653879869,
    "duration": 1,
    "pid": 18028,
    "index": 8
  },
  {
    "name": "Require(6) node_modules/egg-watcher/config/config.default.js",
    "start": 1588653879871,
    "end": 1588653879872,
    "duration": 1,
    "pid": 18028,
    "index": 9
  },
  {
    "name": "Require(7) node_modules/egg-schedule/config/config.default.js",
    "start": 1588653879874,
    "end": 1588653879875,
    "duration": 1,
    "pid": 18028,
    "index": 10
  },
  {
    "name": "Require(8) node_modules/egg-multipart/config/config.default.js",
    "start": 1588653879876,
    "end": 1588653879877,
    "duration": 1,
    "pid": 18028,
    "index": 11
  },
  {
    "name": "Require(9) node_modules/egg-development/config/config.default.js",
    "start": 1588653879879,
    "end": 1588653879880,
    "duration": 1,
    "pid": 18028,
    "index": 12
  },
  {
    "name": "Require(10) node_modules/egg-logrotator/config/config.default.js",
    "start": 1588653879881,
    "end": 1588653879882,
    "duration": 1,
    "pid": 18028,
    "index": 13
  },
  {
    "name": "Require(11) node_modules/egg-static/config/config.default.js",
    "start": 1588653879883,
    "end": 1588653879884,
    "duration": 1,
    "pid": 18028,
    "index": 14
  },
  {
    "name": "Require(12) node_modules/egg-view/config/config.default.js",
    "start": 1588653879885,
    "end": 1588653879887,
    "duration": 2,
    "pid": 18028,
    "index": 15
  },
  {
    "name": "Require(13) node_modules/egg-mysql/config/config.default.js",
    "start": 1588653879888,
    "end": 1588653879889,
    "duration": 1,
    "pid": 18028,
    "index": 16
  },
  {
    "name": "Require(14) node_modules/egg-cors/config/config.default.js",
    "start": 1588653879890,
    "end": 1588653879895,
    "duration": 5,
    "pid": 18028,
    "index": 17
  },
  {
    "name": "Require(15) node_modules/egg/config/config.default.js",
    "start": 1588653879896,
    "end": 1588653879897,
    "duration": 1,
    "pid": 18028,
    "index": 18
  },
  {
    "name": "Require(16) config/config.default.js",
    "start": 1588653879899,
    "end": 1588653879899,
    "duration": 0,
    "pid": 18028,
    "index": 19
  },
  {
    "name": "Require(17) node_modules/egg-security/config/config.local.js",
    "start": 1588653879900,
    "end": 1588653879901,
    "duration": 1,
    "pid": 18028,
    "index": 20
  },
  {
    "name": "Require(18) node_modules/egg-watcher/config/config.local.js",
    "start": 1588653879904,
    "end": 1588653879904,
    "duration": 0,
    "pid": 18028,
    "index": 21
  },
  {
    "name": "Require(19) node_modules/egg-view/config/config.local.js",
    "start": 1588653879908,
    "end": 1588653879909,
    "duration": 1,
    "pid": 18028,
    "index": 22
  },
  {
    "name": "Require(20) node_modules/egg/config/config.local.js",
    "start": 1588653879911,
    "end": 1588653879911,
    "duration": 0,
    "pid": 18028,
    "index": 23
  },
  {
    "name": "Load extend/application.js",
    "start": 1588653879912,
    "end": 1588653879947,
    "duration": 35,
    "pid": 18028,
    "index": 24
  },
  {
    "name": "Require(21) node_modules/egg-session/app/extend/application.js",
    "start": 1588653879914,
    "end": 1588653879915,
    "duration": 1,
    "pid": 18028,
    "index": 25
  },
  {
    "name": "Require(22) node_modules/egg-security/app/extend/application.js",
    "start": 1588653879916,
    "end": 1588653879919,
    "duration": 3,
    "pid": 18028,
    "index": 26
  },
  {
    "name": "Require(23) node_modules/egg-jsonp/app/extend/application.js",
    "start": 1588653879920,
    "end": 1588653879923,
    "duration": 3,
    "pid": 18028,
    "index": 27
  },
  {
    "name": "Require(24) node_modules/egg-logrotator/app/extend/application.js",
    "start": 1588653879928,
    "end": 1588653879931,
    "duration": 3,
    "pid": 18028,
    "index": 28
  },
  {
    "name": "Require(25) node_modules/egg-view/app/extend/application.js",
    "start": 1588653879933,
    "end": 1588653879936,
    "duration": 3,
    "pid": 18028,
    "index": 29
  },
  {
    "name": "Load extend/request.js",
    "start": 1588653879947,
    "end": 1588653879968,
    "duration": 21,
    "pid": 18028,
    "index": 30
  },
  {
    "name": "Require(26) node_modules/egg/app/extend/request.js",
    "start": 1588653879957,
    "end": 1588653879959,
    "duration": 2,
    "pid": 18028,
    "index": 31
  },
  {
    "name": "Load extend/response.js",
    "start": 1588653879968,
    "end": 1588653879989,
    "duration": 21,
    "pid": 18028,
    "index": 32
  },
  {
    "name": "Require(27) node_modules/egg/app/extend/response.js",
    "start": 1588653879976,
    "end": 1588653879980,
    "duration": 4,
    "pid": 18028,
    "index": 33
  },
  {
    "name": "Load extend/context.js",
    "start": 1588653879989,
    "end": 1588653880112,
    "duration": 123,
    "pid": 18028,
    "index": 34
  },
  {
    "name": "Require(28) node_modules/egg-security/app/extend/context.js",
    "start": 1588653879990,
    "end": 1588653880014,
    "duration": 24,
    "pid": 18028,
    "index": 35
  },
  {
    "name": "Require(29) node_modules/egg-jsonp/app/extend/context.js",
    "start": 1588653880015,
    "end": 1588653880019,
    "duration": 4,
    "pid": 18028,
    "index": 36
  },
  {
    "name": "Require(30) node_modules/egg-i18n/app/extend/context.js",
    "start": 1588653880021,
    "end": 1588653880022,
    "duration": 1,
    "pid": 18028,
    "index": 37
  },
  {
    "name": "Require(31) node_modules/egg-multipart/app/extend/context.js",
    "start": 1588653880025,
    "end": 1588653880096,
    "duration": 71,
    "pid": 18028,
    "index": 38
  },
  {
    "name": "Require(32) node_modules/egg-view/app/extend/context.js",
    "start": 1588653880098,
    "end": 1588653880100,
    "duration": 2,
    "pid": 18028,
    "index": 39
  },
  {
    "name": "Require(33) node_modules/egg/app/extend/context.js",
    "start": 1588653880102,
    "end": 1588653880103,
    "duration": 1,
    "pid": 18028,
    "index": 40
  },
  {
    "name": "Load extend/helper.js",
    "start": 1588653880112,
    "end": 1588653880170,
    "duration": 58,
    "pid": 18028,
    "index": 41
  },
  {
    "name": "Require(34) node_modules/egg-security/app/extend/helper.js",
    "start": 1588653880113,
    "end": 1588653880151,
    "duration": 38,
    "pid": 18028,
    "index": 42
  },
  {
    "name": "Require(35) node_modules/egg/app/extend/helper.js",
    "start": 1588653880159,
    "end": 1588653880159,
    "duration": 0,
    "pid": 18028,
    "index": 43
  },
  {
    "name": "Load app.js",
    "start": 1588653880171,
    "end": 1588653880305,
    "duration": 134,
    "pid": 18028,
    "index": 44
  },
  {
    "name": "Require(36) node_modules/egg-session/app.js",
    "start": 1588653880172,
    "end": 1588653880172,
    "duration": 0,
    "pid": 18028,
    "index": 45
  },
  {
    "name": "Require(37) node_modules/egg-security/app.js",
    "start": 1588653880173,
    "end": 1588653880176,
    "duration": 3,
    "pid": 18028,
    "index": 46
  },
  {
    "name": "Require(38) node_modules/egg-onerror/app.js",
    "start": 1588653880178,
    "end": 1588653880198,
    "duration": 20,
    "pid": 18028,
    "index": 47
  },
  {
    "name": "Require(39) node_modules/egg-i18n/app.js",
    "start": 1588653880199,
    "end": 1588653880231,
    "duration": 32,
    "pid": 18028,
    "index": 48
  },
  {
    "name": "Require(40) node_modules/egg-watcher/app.js",
    "start": 1588653880232,
    "end": 1588653880240,
    "duration": 8,
    "pid": 18028,
    "index": 49
  },
  {
    "name": "Require(41) node_modules/egg-schedule/app.js",
    "start": 1588653880240,
    "end": 1588653880247,
    "duration": 7,
    "pid": 18028,
    "index": 50
  },
  {
    "name": "Require(42) node_modules/egg-multipart/app.js",
    "start": 1588653880248,
    "end": 1588653880254,
    "duration": 6,
    "pid": 18028,
    "index": 51
  },
  {
    "name": "Require(43) node_modules/egg-development/app.js",
    "start": 1588653880255,
    "end": 1588653880256,
    "duration": 1,
    "pid": 18028,
    "index": 52
  },
  {
    "name": "Require(44) node_modules/egg-logrotator/app.js",
    "start": 1588653880256,
    "end": 1588653880257,
    "duration": 1,
    "pid": 18028,
    "index": 53
  },
  {
    "name": "Require(45) node_modules/egg-static/app.js",
    "start": 1588653880258,
    "end": 1588653880258,
    "duration": 0,
    "pid": 18028,
    "index": 54
  },
  {
    "name": "Require(46) node_modules/egg-mysql/app.js",
    "start": 1588653880260,
    "end": 1588653880301,
    "duration": 41,
    "pid": 18028,
    "index": 55
  },
  {
    "name": "Require(47) node_modules/egg-cors/app.js",
    "start": 1588653880302,
    "end": 1588653880302,
    "duration": 0,
    "pid": 18028,
    "index": 56
  },
  {
    "name": "Before Start in node_modules/egg-watcher/lib/init.js:15:14",
    "start": 1588653880323,
    "end": 1588653880763,
    "duration": 440,
    "pid": 18028,
    "index": 57
  },
  {
    "name": "Before Start in node_modules/egg-mysql/lib/mysql.js:20:7",
    "start": 1588653880485,
    "end": 1588653880769,
    "duration": 284,
    "pid": 18028,
    "index": 58
  },
  {
    "name": "Load Service",
    "start": 1588653880485,
    "end": 1588653880495,
    "duration": 10,
    "pid": 18028,
    "index": 59
  },
  {
    "name": "Load \"service\" to Context",
    "start": 1588653880485,
    "end": 1588653880495,
    "duration": 10,
    "pid": 18028,
    "index": 60
  },
  {
    "name": "Load Middleware",
    "start": 1588653880495,
    "end": 1588653880690,
    "duration": 195,
    "pid": 18028,
    "index": 61
  },
  {
    "name": "Load \"middlewares\" to Application",
    "start": 1588653880495,
    "end": 1588653880671,
    "duration": 176,
    "pid": 18028,
    "index": 62
  },
  {
    "name": "Load Controller",
    "start": 1588653880690,
    "end": 1588653880701,
    "duration": 11,
    "pid": 18028,
    "index": 63
  },
  {
    "name": "Load \"controller\" to Application",
    "start": 1588653880690,
    "end": 1588653880701,
    "duration": 11,
    "pid": 18028,
    "index": 64
  },
  {
    "name": "Load Router",
    "start": 1588653880701,
    "end": 1588653880707,
    "duration": 6,
    "pid": 18028,
    "index": 65
  },
  {
    "name": "Require(48) app/router.js",
    "start": 1588653880701,
    "end": 1588653880702,
    "duration": 1,
    "pid": 18028,
    "index": 66
  },
  {
    "name": "Before Start in node_modules/egg-core/lib/egg.js:303:10",
    "start": 1588653880704,
    "end": 1588653880736,
    "duration": 32,
    "pid": 18028,
    "index": 67
  }
]