[
  {
    "name": "Application Start",
    "start": 1588653928456,
    "end": 1588653929463,
    "duration": 1007,
    "pid": 14752,
    "index": 0
  },
  {
    "name": "Load Plugin",
    "start": 1588653928467,
    "end": 1588653928535,
    "duration": 68,
    "pid": 14752,
    "index": 1
  },
  {
    "name": "Load Config",
    "start": 1588653928535,
    "end": 1588653928594,
    "duration": 59,
    "pid": 14752,
    "index": 2
  },
  {
    "name": "Require(0) config/config.default.js",
    "start": 1588653928536,
    "end": 1588653928536,
    "duration": 0,
    "pid": 14752,
    "index": 3
  },
  {
    "name": "Require(1) node_modules/egg-session/config/config.default.js",
    "start": 1588653928539,
    "end": 1588653928540,
    "duration": 1,
    "pid": 14752,
    "index": 4
  },
  {
    "name": "Require(2) node_modules/egg-security/config/config.default.js",
    "start": 1588653928542,
    "end": 1588653928543,
    "duration": 1,
    "pid": 14752,
    "index": 5
  },
  {
    "name": "Require(3) node_modules/egg-jsonp/config/config.default.js",
    "start": 1588653928544,
    "end": 1588653928545,
    "duration": 1,
    "pid": 14752,
    "index": 6
  },
  {
    "name": "Require(4) node_modules/egg-onerror/config/config.default.js",
    "start": 1588653928546,
    "end": 1588653928548,
    "duration": 2,
    "pid": 14752,
    "index": 7
  },
  {
    "name": "Require(5) node_modules/egg-i18n/config/config.default.js",
    "start": 1588653928550,
    "end": 1588653928551,
    "duration": 1,
    "pid": 14752,
    "index": 8
  },
  {
    "name": "Require(6) node_modules/egg-watcher/config/config.default.js",
    "start": 1588653928552,
    "end": 1588653928553,
    "duration": 1,
    "pid": 14752,
    "index": 9
  },
  {
    "name": "Require(7) node_modules/egg-schedule/config/config.default.js",
    "start": 1588653928554,
    "end": 1588653928555,
    "duration": 1,
    "pid": 14752,
    "index": 10
  },
  {
    "name": "Require(8) node_modules/egg-multipart/config/config.default.js",
    "start": 1588653928556,
    "end": 1588653928558,
    "duration": 2,
    "pid": 14752,
    "index": 11
  },
  {
    "name": "Require(9) node_modules/egg-development/config/config.default.js",
    "start": 1588653928559,
    "end": 1588653928560,
    "duration": 1,
    "pid": 14752,
    "index": 12
  },
  {
    "name": "Require(10) node_modules/egg-logrotator/config/config.default.js",
    "start": 1588653928561,
    "end": 1588653928562,
    "duration": 1,
    "pid": 14752,
    "index": 13
  },
  {
    "name": "Require(11) node_modules/egg-static/config/config.default.js",
    "start": 1588653928563,
    "end": 1588653928565,
    "duration": 2,
    "pid": 14752,
    "index": 14
  },
  {
    "name": "Require(12) node_modules/egg-view/config/config.default.js",
    "start": 1588653928567,
    "end": 1588653928568,
    "duration": 1,
    "pid": 14752,
    "index": 15
  },
  {
    "name": "Require(13) node_modules/egg-mysql/config/config.default.js",
    "start": 1588653928569,
    "end": 1588653928570,
    "duration": 1,
    "pid": 14752,
    "index": 16
  },
  {
    "name": "Require(14) node_modules/egg-cors/config/config.default.js",
    "start": 1588653928571,
    "end": 1588653928572,
    "duration": 1,
    "pid": 14752,
    "index": 17
  },
  {
    "name": "Require(15) node_modules/egg/config/config.default.js",
    "start": 1588653928573,
    "end": 1588653928574,
    "duration": 1,
    "pid": 14752,
    "index": 18
  },
  {
    "name": "Require(16) config/config.default.js",
    "start": 1588653928578,
    "end": 1588653928578,
    "duration": 0,
    "pid": 14752,
    "index": 19
  },
  {
    "name": "Require(17) node_modules/egg-security/config/config.local.js",
    "start": 1588653928580,
    "end": 1588653928580,
    "duration": 0,
    "pid": 14752,
    "index": 20
  },
  {
    "name": "Require(18) node_modules/egg-watcher/config/config.local.js",
    "start": 1588653928584,
    "end": 1588653928585,
    "duration": 1,
    "pid": 14752,
    "index": 21
  },
  {
    "name": "Require(19) node_modules/egg-view/config/config.local.js",
    "start": 1588653928591,
    "end": 1588653928592,
    "duration": 1,
    "pid": 14752,
    "index": 22
  },
  {
    "name": "Require(20) node_modules/egg/config/config.local.js",
    "start": 1588653928594,
    "end": 1588653928594,
    "duration": 0,
    "pid": 14752,
    "index": 23
  },
  {
    "name": "Load extend/application.js",
    "start": 1588653928596,
    "end": 1588653928634,
    "duration": 38,
    "pid": 14752,
    "index": 24
  },
  {
    "name": "Require(21) node_modules/egg-session/app/extend/application.js",
    "start": 1588653928597,
    "end": 1588653928599,
    "duration": 2,
    "pid": 14752,
    "index": 25
  },
  {
    "name": "Require(22) node_modules/egg-security/app/extend/application.js",
    "start": 1588653928601,
    "end": 1588653928604,
    "duration": 3,
    "pid": 14752,
    "index": 26
  },
  {
    "name": "Require(23) node_modules/egg-jsonp/app/extend/application.js",
    "start": 1588653928605,
    "end": 1588653928609,
    "duration": 4,
    "pid": 14752,
    "index": 27
  },
  {
    "name": "Require(24) node_modules/egg-logrotator/app/extend/application.js",
    "start": 1588653928613,
    "end": 1588653928618,
    "duration": 5,
    "pid": 14752,
    "index": 28
  },
  {
    "name": "Require(25) node_modules/egg-view/app/extend/application.js",
    "start": 1588653928619,
    "end": 1588653928623,
    "duration": 4,
    "pid": 14752,
    "index": 29
  },
  {
    "name": "Load extend/request.js",
    "start": 1588653928634,
    "end": 1588653928656,
    "duration": 22,
    "pid": 14752,
    "index": 30
  },
  {
    "name": "Require(26) node_modules/egg/app/extend/request.js",
    "start": 1588653928643,
    "end": 1588653928645,
    "duration": 2,
    "pid": 14752,
    "index": 31
  },
  {
    "name": "Load extend/response.js",
    "start": 1588653928656,
    "end": 1588653928678,
    "duration": 22,
    "pid": 14752,
    "index": 32
  },
  {
    "name": "Require(27) node_modules/egg/app/extend/response.js",
    "start": 1588653928666,
    "end": 1588653928669,
    "duration": 3,
    "pid": 14752,
    "index": 33
  },
  {
    "name": "Load extend/context.js",
    "start": 1588653928678,
    "end": 1588653928817,
    "duration": 139,
    "pid": 14752,
    "index": 34
  },
  {
    "name": "Require(28) node_modules/egg-security/app/extend/context.js",
    "start": 1588653928680,
    "end": 1588653928703,
    "duration": 23,
    "pid": 14752,
    "index": 35
  },
  {
    "name": "Require(29) node_modules/egg-jsonp/app/extend/context.js",
    "start": 1588653928704,
    "end": 1588653928706,
    "duration": 2,
    "pid": 14752,
    "index": 36
  },
  {
    "name": "Require(30) node_modules/egg-i18n/app/extend/context.js",
    "start": 1588653928708,
    "end": 1588653928709,
    "duration": 1,
    "pid": 14752,
    "index": 37
  },
  {
    "name": "Require(31) node_modules/egg-multipart/app/extend/context.js",
    "start": 1588653928711,
    "end": 1588653928802,
    "duration": 91,
    "pid": 14752,
    "index": 38
  },
  {
    "name": "Require(32) node_modules/egg-view/app/extend/context.js",
    "start": 1588653928804,
    "end": 1588653928806,
    "duration": 2,
    "pid": 14752,
    "index": 39
  },
  {
    "name": "Require(33) node_modules/egg/app/extend/context.js",
    "start": 1588653928807,
    "end": 1588653928808,
    "duration": 1,
    "pid": 14752,
    "index": 40
  },
  {
    "name": "Load extend/helper.js",
    "start": 1588653928818,
    "end": 1588653928874,
    "duration": 56,
    "pid": 14752,
    "index": 41
  },
  {
    "name": "Require(34) node_modules/egg-security/app/extend/helper.js",
    "start": 1588653928819,
    "end": 1588653928857,
    "duration": 38,
    "pid": 14752,
    "index": 42
  },
  {
    "name": "Require(35) node_modules/egg/app/extend/helper.js",
    "start": 1588653928864,
    "end": 1588653928865,
    "duration": 1,
    "pid": 14752,
    "index": 43
  },
  {
    "name": "Load app.js",
    "start": 1588653928875,
    "end": 1588653929007,
    "duration": 132,
    "pid": 14752,
    "index": 44
  },
  {
    "name": "Require(36) node_modules/egg-session/app.js",
    "start": 1588653928875,
    "end": 1588653928876,
    "duration": 1,
    "pid": 14752,
    "index": 45
  },
  {
    "name": "Require(37) node_modules/egg-security/app.js",
    "start": 1588653928877,
    "end": 1588653928880,
    "duration": 3,
    "pid": 14752,
    "index": 46
  },
  {
    "name": "Require(38) node_modules/egg-onerror/app.js",
    "start": 1588653928882,
    "end": 1588653928901,
    "duration": 19,
    "pid": 14752,
    "index": 47
  },
  {
    "name": "Require(39) node_modules/egg-i18n/app.js",
    "start": 1588653928902,
    "end": 1588653928935,
    "duration": 33,
    "pid": 14752,
    "index": 48
  },
  {
    "name": "Require(40) node_modules/egg-watcher/app.js",
    "start": 1588653928936,
    "end": 1588653928944,
    "duration": 8,
    "pid": 14752,
    "index": 49
  },
  {
    "name": "Require(41) node_modules/egg-schedule/app.js",
    "start": 1588653928944,
    "end": 1588653928947,
    "duration": 3,
    "pid": 14752,
    "index": 50
  },
  {
    "name": "Require(42) node_modules/egg-multipart/app.js",
    "start": 1588653928948,
    "end": 1588653928954,
    "duration": 6,
    "pid": 14752,
    "index": 51
  },
  {
    "name": "Require(43) node_modules/egg-development/app.js",
    "start": 1588653928955,
    "end": 1588653928959,
    "duration": 4,
    "pid": 14752,
    "index": 52
  },
  {
    "name": "Require(44) node_modules/egg-logrotator/app.js",
    "start": 1588653928960,
    "end": 1588653928960,
    "duration": 0,
    "pid": 14752,
    "index": 53
  },
  {
    "name": "Require(45) node_modules/egg-static/app.js",
    "start": 1588653928961,
    "end": 1588653928962,
    "duration": 1,
    "pid": 14752,
    "index": 54
  },
  {
    "name": "Require(46) node_modules/egg-mysql/app.js",
    "start": 1588653928963,
    "end": 1588653929003,
    "duration": 40,
    "pid": 14752,
    "index": 55
  },
  {
    "name": "Require(47) node_modules/egg-cors/app.js",
    "start": 1588653929003,
    "end": 1588653929004,
    "duration": 1,
    "pid": 14752,
    "index": 56
  },
  {
    "name": "Before Start in node_modules/egg-watcher/lib/init.js:15:14",
    "start": 1588653929025,
    "end": 1588653929459,
    "duration": 434,
    "pid": 14752,
    "index": 57
  },
  {
    "name": "Before Start in node_modules/egg-mysql/lib/mysql.js:20:7",
    "start": 1588653929207,
    "end": 1588653929462,
    "duration": 255,
    "pid": 14752,
    "index": 58
  },
  {
    "name": "Load Service",
    "start": 1588653929207,
    "end": 1588653929218,
    "duration": 11,
    "pid": 14752,
    "index": 59
  },
  {
    "name": "Load \"service\" to Context",
    "start": 1588653929208,
    "end": 1588653929218,
    "duration": 10,
    "pid": 14752,
    "index": 60
  },
  {
    "name": "Load Middleware",
    "start": 1588653929218,
    "end": 1588653929405,
    "duration": 187,
    "pid": 14752,
    "index": 61
  },
  {
    "name": "Load \"middlewares\" to Application",
    "start": 1588653929218,
    "end": 1588653929386,
    "duration": 168,
    "pid": 14752,
    "index": 62
  },
  {
    "name": "Load Controller",
    "start": 1588653929405,
    "end": 1588653929416,
    "duration": 11,
    "pid": 14752,
    "index": 63
  },
  {
    "name": "Load \"controller\" to Application",
    "start": 1588653929405,
    "end": 1588653929416,
    "duration": 11,
    "pid": 14752,
    "index": 64
  },
  {
    "name": "Load Router",
    "start": 1588653929416,
    "end": 1588653929422,
    "duration": 6,
    "pid": 14752,
    "index": 65
  },
  {
    "name": "Require(48) app/router.js",
    "start": 1588653929417,
    "end": 1588653929417,
    "duration": 0,
    "pid": 14752,
    "index": 66
  },
  {
    "name": "Before Start in node_modules/egg-core/lib/egg.js:303:10",
    "start": 1588653929419,
    "end": 1588653929442,
    "duration": 23,
    "pid": 14752,
    "index": 67
  }
]